<?xml version="1.0" encoding="UTF-8"?><idempiere Name="AD_Role" Version="1.0.0" idempiereVersion="7.1.0.qualifier" DataBaseVersion="2019-11-22" Description="" Author="SuperUser" AuthorEmail="superuser @ idempiere.com" CreatedDate="Fri May 01 21:06:03 VET 2020" UpdatedDate="Fri May 01 21:06:03 VET 2020" PackOutVersion="100" UpdateDictionary="true" Client="1000000-CONSORCIO OLEAGINOSO PORTUGUESA, S.A.-CONSORCIO OLEAGINOSO PORTUGUESA, S.A." AD_Client_UU="b1343cba-641a-460f-ac29-4f09d6cc68ab">
    <AD_Role type="table">
        <AD_Org_ID>0</AD_Org_ID>
        <Name>6001-Romanero</Name>
        <Description/>
        <UserLevel> CO</UserLevel>
        <IsActive>Y</IsActive>
        <C_Currency_ID reference="uuid" reference-key="C_Currency">faa2b0f4-89b4-41ba-95f7-6db123ea591c</C_Currency_ID>
        <AmtApproval>0</AmtApproval>
        <AD_Tree_Menu_ID reference="id"/>
        <IsManual>Y</IsManual>
        <IsPersonalAccess>N</IsPersonalAccess>
        <IsShowAcct>N</IsShowAcct>
        <IsPersonalLock>N</IsPersonalLock>
        <IsCanReport>Y</IsCanReport>
        <IsCanExport>Y</IsCanExport>
        <Supervisor_ID reference="id"/>
        <IsCanApproveOwnDoc>N</IsCanApproveOwnDoc>
        <IsAccessAllOrgs>N</IsAccessAllOrgs>
        <IsChangeLog>N</IsChangeLog>
        <PreferenceType>O</PreferenceType>
        <OverwritePriceLimit>N</OverwritePriceLimit>
        <AD_Tree_Org_ID reference="id"/>
        <IsUseUserOrgAccess>Y</IsUseUserOrgAccess>
        <ConfirmQueryRecords>0</ConfirmQueryRecords>
        <MaxQueryRecords>0</MaxQueryRecords>
        <Allow_Info_Account>N</Allow_Info_Account>
        <Allow_Info_Asset>Y</Allow_Info_Asset>
        <Allow_Info_BPartner>Y</Allow_Info_BPartner>
        <Allow_Info_InOut>Y</Allow_Info_InOut>
        <Allow_Info_Invoice>Y</Allow_Info_Invoice>
        <Allow_Info_Order>Y</Allow_Info_Order>
        <Allow_Info_Payment>Y</Allow_Info_Payment>
        <Allow_Info_Product>Y</Allow_Info_Product>
        <Allow_Info_Resource>Y</Allow_Info_Resource>
        <Allow_Info_Schedule>Y</Allow_Info_Schedule>
        <UserDiscount/>
        <IsDiscountUptoLimitPrice>N</IsDiscountUptoLimitPrice>
        <IsDiscountAllowedOnTotal>N</IsDiscountAllowedOnTotal>
        <AmtApprovalAccum>0</AmtApprovalAccum>
        <DaysApprovalAccum>0</DaysApprovalAccum>
        <AD_Role_UU>d10e7637-46d9-4b88-967f-dc9db489440e</AD_Role_UU>
        <IsMenuAutoExpand>N</IsMenuAutoExpand>
        <IsMasterRole>N</IsMasterRole>
        <IsAccessAdvanced>Y</IsAccessAdvanced>
        <RoleType/>
        <AD_Role_OrgAccess type="table">
            <AD_Org_ID>@AD_Org_ID@</AD_Org_ID>
            <AD_Role_ID reference="uuid" reference-key="AD_Role">d10e7637-46d9-4b88-967f-dc9db489440e</AD_Role_ID>
            <IsActive>Y</IsActive>
            <IsReadOnly>N</IsReadOnly>
            <AD_Role_OrgAccess_UU>89f9c10f-b171-4f21-b1b1-ab234351e07b</AD_Role_OrgAccess_UU>
        </AD_Role_OrgAccess>
        <AD_Window_Access type="table">
            <AD_Org_ID>0</AD_Org_ID>
            <AD_Window_ID reference="uuid" reference-key="AD_Window">e10ed6e2-5ee9-4ed3-bd08-de911bfb4d5d</AD_Window_ID>
            <IsActive>Y</IsActive>
            <IsReadWrite>Y</IsReadWrite>
            <AD_Role_ID reference="uuid" reference-key="AD_Role">d10e7637-46d9-4b88-967f-dc9db489440e</AD_Role_ID>
            <AD_Window_Access_UU>e14a2a04-097c-4145-9810-399ddc78075d</AD_Window_Access_UU>
        </AD_Window_Access>
        <AD_Process_Access type="table">
            <AD_Org_ID>0</AD_Org_ID>
            <IsActive>Y</IsActive>
            <IsReadWrite>Y</IsReadWrite>
            <AD_Process_ID reference="uuid" reference-key="AD_Process">8198ca62-a12f-427d-a925-895324f3b231</AD_Process_ID>
            <AD_Role_ID reference="uuid" reference-key="AD_Role">d10e7637-46d9-4b88-967f-dc9db489440e</AD_Role_ID>
            <AD_Process_Access_UU>48d61b74-ec6b-4e3b-b614-cbf48f046f76</AD_Process_Access_UU>
        </AD_Process_Access>
        <AD_Workflow_Access type="table">
            <AD_Org_ID>0</AD_Org_ID>
            <AD_Workflow_ID reference="uuid" reference-key="AD_Workflow">3f296ac5-b3ff-4eb9-a06b-235b099ce043</AD_Workflow_ID>
            <IsActive>Y</IsActive>
            <IsReadWrite>Y</IsReadWrite>
            <AD_Role_ID reference="uuid" reference-key="AD_Role">d10e7637-46d9-4b88-967f-dc9db489440e</AD_Role_ID>
            <AD_Workflow_Access_UU>1350c4cb-713e-495e-9167-f1ddc9483c89</AD_Workflow_Access_UU>
        </AD_Workflow_Access>
    </AD_Role>
</idempiere>
