<?xml version="1.0" encoding="UTF-8"?><idempiere Name="2Pack_1.4.3_FTUGenerateFreightCostDistribution" Version="1.0.0" idempiereVersion="" DataBaseVersion="" Description="" Author="" AuthorEmail="" CreatedDate="2024-07-23 21:41:20.161" UpdatedDate="2024-07-23 21:41:20.161" PackOutVersion="100" UpdateDictionary="false" Client="0-SYSTEM-System" AD_Client_UU="11237b53-9592-4af1-b3c5-afd216514b5d">
    <AD_Column type="table">
        <IsSyncDatabase>Y</IsSyncDatabase>
        <AD_Table_ID reference="uuid" reference-key="AD_Table">d537b2a4-7a4f-4829-b432-b8918ace6295</AD_Table_ID>
        <AD_Reference_Value_ID reference="id"/>
        <AD_Client_ID>0</AD_Client_ID>
        <AD_Org_ID>0</AD_Org_ID>
        <Version>0</Version>
        <Name>Distribution Order</Name>
        <Description/>
        <Help/>
        <AD_Val_Rule_ID reference="id"/>
        <ColumnName>DD_Order_ID</ColumnName>
        <DefaultValue/>
        <FieldLength>10</FieldLength>
        <IsKey>N</IsKey>
        <IsParent>N</IsParent>
        <IsMandatory>N</IsMandatory>
        <IsTranslated>N</IsTranslated>
        <IsIdentifier>N</IsIdentifier>
        <SeqNo>0</SeqNo>
        <IsEncrypted>N</IsEncrypted>
        <AD_Reference_ID reference="id">19</AD_Reference_ID>
        <AD_Org_ID reference="id">0</AD_Org_ID>
        <IsActive>Y</IsActive>
        <VFormat/>
        <Callout/>
        <AD_Element_ID reference="id">53311</AD_Element_ID>
        <IsUpdateable>Y</IsUpdateable>
        <AD_Process_ID reference="id"/>
        <ValueMin/>
        <ValueMax/>
        <IsSelectionColumn>N</IsSelectionColumn>
        <ReadOnlyLogic/>
        <EntityType>FTU</EntityType>
        <IsAlwaysUpdateable>N</IsAlwaysUpdateable>
        <ColumnSQL/>
        <MandatoryLogic/>
        <IsAutocomplete>N</IsAutocomplete>
        <IsAllowLogging>Y</IsAllowLogging>
        <FormatPattern/>
        <AD_Chart_ID reference="id"/>
        <AD_Column_UU>b61e28bd-77ae-4492-bd00-efa7c1b13da2</AD_Column_UU>
        <IsAllowCopy>Y</IsAllowCopy>
        <SeqNoSelection>0</SeqNoSelection>
        <IsToolbarButton>N</IsToolbarButton>
        <IsSecure>N</IsSecure>
        <FKConstraintName>DDOrder_FTUFreightCostLine</FKConstraintName>
        <FKConstraintType>N</FKConstraintType>
        <PA_DashboardContent_ID reference="id"/>
        <Placeholder/>
        <IsHtml>N</IsHtml>
        <AD_Val_Rule_Lookup_ID reference="id"/>
        <AlwaysUpdatableLogic/>
        <AD_InfoWindow_ID reference="id"/>
    </AD_Column>
    <AD_Menu type="table">
        <SeqNo>999</SeqNo>
        <AD_Client_ID>0</AD_Client_ID>
        <AD_Org_ID>0</AD_Org_ID>
        <Name>Generate Freight Cost For Merchandise Distribution</Name>
        <Description/>
        <Action>I</Action>
        <AD_Window_ID reference="id"/>
        <AD_Workflow_ID reference="id"/>
        <AD_Task_ID reference="id"/>
        <AD_Org_ID reference="id">0</AD_Org_ID>
        <IsActive>Y</IsActive>
        <IsSummary>N</IsSummary>
        <AD_Process_ID reference="id"/>
        <IsSOTrx>Y</IsSOTrx>
        <AD_Form_ID reference="id"/>
        <IsReadOnly>N</IsReadOnly>
        <EntityType>FTU</EntityType>
        <IsCentrallyMaintained>Y</IsCentrallyMaintained>
        <AD_Menu_UU>bb0bceff-5062-4ac8-8116-eb4fb9caecbc</AD_Menu_UU>
        <AD_InfoWindow_ID reference="uuid" reference-key="AD_InfoWindow">48a29853-758c-4eb3-af1e-1944d4257954</AD_InfoWindow_ID>
        <PredefinedContextVariables/>
        <AD_Menu_Trl type="translation">
            <Description/>
            <Name>Generate Freight Cost For Merchandise Distribution</Name>
            <AD_Language>es_CO</AD_Language>
            <IsActive>Y</IsActive>
            <IsTranslated>N</IsTranslated>
        </AD_Menu_Trl>
        <AD_Menu_Trl type="translation">
            <Description/>
            <Name>Generate Freight Cost For Merchandise Distribution</Name>
            <AD_Language>es_VE</AD_Language>
            <IsActive>Y</IsActive>
            <IsTranslated>N</IsTranslated>
        </AD_Menu_Trl>
        <AD_Reference type="table">
            <AD_Reference_ID>19</AD_Reference_ID>
            <AD_Client_ID>0</AD_Client_ID>
            <AD_Org_ID>0</AD_Org_ID>
            <AD_Reference_ID>19</AD_Reference_ID>
            <Name>Table Direct</Name>
            <Description>Direct Table Access</Description>
            <Help/>
            <ValidationType>D</ValidationType>
            <AD_Org_ID reference="id">0</AD_Org_ID>
            <IsActive>Y</IsActive>
            <VFormat/>
            <EntityType>FTU</EntityType>
            <IsOrderByValue>N</IsOrderByValue>
            <AD_Reference_UU>85767149-7019-4224-a8d0-41f0d9d77d47</AD_Reference_UU>
            <AD_Element_ID reference="id"/>
            <ShowInactive>N</ShowInactive>
            <AD_Reference_Trl type="translation">
                <Description>Acceso directo de tabla</Description>
                <Help/>
                <Name>Tabla Directa</Name>
                <AD_Language>es_CO</AD_Language>
                <IsActive>Y</IsActive>
                <IsTranslated>Y</IsTranslated>
            </AD_Reference_Trl>
            <AD_Reference_Trl type="translation">
                <Description>Acceso directo de tabla</Description>
                <Help/>
                <Name>Tabla Directa</Name>
                <AD_Language>es_VE</AD_Language>
                <IsActive>Y</IsActive>
                <IsTranslated>N</IsTranslated>
            </AD_Reference_Trl>
        </AD_Reference>
        <AD_Reference type="table">
            <AD_Reference_ID>30</AD_Reference_ID>
            <AD_Client_ID>0</AD_Client_ID>
            <AD_Org_ID>0</AD_Org_ID>
            <AD_Reference_ID>30</AD_Reference_ID>
            <Name>Search</Name>
            <Description>Search Field</Description>
            <Help/>
            <ValidationType>D</ValidationType>
            <AD_Org_ID reference="id">0</AD_Org_ID>
            <IsActive>Y</IsActive>
            <VFormat/>
            <EntityType>FTUPAYROLL</EntityType>
            <IsOrderByValue>N</IsOrderByValue>
            <AD_Reference_UU>199e084e-6ad2-4bcd-8f5e-fdd08f4c0748</AD_Reference_UU>
            <AD_Element_ID reference="id"/>
            <ShowInactive>N</ShowInactive>
            <AD_Reference_Trl type="translation">
                <Description>Campo de Búsqueda</Description>
                <Help/>
                <Name>Búsqueda</Name>
                <AD_Language>es_CO</AD_Language>
                <IsActive>Y</IsActive>
                <IsTranslated>Y</IsTranslated>
            </AD_Reference_Trl>
            <AD_Reference_Trl type="translation">
                <Description>Campo de Búsqueda</Description>
                <Help/>
                <Name>Búsqueda</Name>
                <AD_Language>es_VE</AD_Language>
                <IsActive>Y</IsActive>
                <IsTranslated>N</IsTranslated>
            </AD_Reference_Trl>
        </AD_Reference>
        <AD_Val_Rule type="table">
            <AD_Client_ID>0</AD_Client_ID>
            <AD_Org_ID>0</AD_Org_ID>
            <Name>User1_ID Access by Activity</Name>
            <Description/>
            <Type>S</Type>
            <Code>C_ElementValue.C_ElementValue_ID IN (SELECT User1_ID FROM FTU_Activity_User1_Access aua WHERE aua.C_Activity_ID = @C_Activity_ID@ )</Code>
            <AD_Org_ID reference="id">0</AD_Org_ID>
            <IsActive>Y</IsActive>
            <EntityType>FTUWH</EntityType>
            <AD_Val_Rule_UU>effac101-4b49-4ba1-b6c0-0688d0d49535</AD_Val_Rule_UU>
        </AD_Val_Rule>
        <AD_Column type="table">
            <IsSyncDatabase>Y</IsSyncDatabase>
            <AD_Table_ID reference="id">53037</AD_Table_ID>
            <AD_Reference_Value_ID reference="id">197</AD_Reference_Value_ID>
            <AD_Client_ID>0</AD_Client_ID>
            <AD_Org_ID>0</AD_Org_ID>
            <Version>0</Version>
            <Name>Source Warehouse</Name>
            <Description>Optional Warehouse to replenish from</Description>
            <Help>If defined, the warehouse selected is used to replenish the product(s)</Help>
            <AD_Val_Rule_ID reference="id"/>
            <ColumnName>M_WarehouseSource_ID</ColumnName>
            <DefaultValue/>
            <FieldLength>10</FieldLength>
            <IsKey>N</IsKey>
            <IsParent>N</IsParent>
            <IsMandatory>N</IsMandatory>
            <IsTranslated>N</IsTranslated>
            <IsIdentifier>N</IsIdentifier>
            <SeqNo>0</SeqNo>
            <IsEncrypted>N</IsEncrypted>
            <AD_Reference_ID reference="id">18</AD_Reference_ID>
            <AD_Org_ID reference="id">0</AD_Org_ID>
            <IsActive>Y</IsActive>
            <VFormat/>
            <Callout/>
            <AD_Element_ID reference="id">2814</AD_Element_ID>
            <IsUpdateable>Y</IsUpdateable>
            <AD_Process_ID reference="id"/>
            <ValueMin/>
            <ValueMax/>
            <IsSelectionColumn>N</IsSelectionColumn>
            <ReadOnlyLogic/>
            <EntityType>FTURW</EntityType>
            <IsAlwaysUpdateable>N</IsAlwaysUpdateable>
            <ColumnSQL/>
            <MandatoryLogic/>
            <IsAutocomplete>N</IsAutocomplete>
            <IsAllowLogging>Y</IsAllowLogging>
            <FormatPattern/>
            <AD_Chart_ID reference="id"/>
            <AD_Column_UU>423d2f78-9c1b-42eb-8890-f7e4ea1bdf99</AD_Column_UU>
            <IsAllowCopy>N</IsAllowCopy>
            <SeqNoSelection>0</SeqNoSelection>
            <IsToolbarButton>N</IsToolbarButton>
            <IsSecure>N</IsSecure>
            <FKConstraintName>MWarehouseSource_DDOrder</FKConstraintName>
            <FKConstraintType>N</FKConstraintType>
            <PA_DashboardContent_ID reference="id"/>
            <Placeholder/>
            <IsHtml>N</IsHtml>
            <AD_Val_Rule_Lookup_ID reference="id"/>
            <AlwaysUpdatableLogic/>
            <AD_InfoWindow_ID reference="id"/>
        </AD_Column>
        <AD_InfoWindow type="table">
            <AD_Client_ID>0</AD_Client_ID>
            <AD_Org_ID>0</AD_Org_ID>
            <AD_Org_ID reference="id">0</AD_Org_ID>
            <IsActive>Y</IsActive>
            <Name>Generate Freight Cost For Merchandise Distribution</Name>
            <Description/>
            <Help/>
            <AD_Table_ID reference="id">53037</AD_Table_ID>
            <EntityType>FTU</EntityType>
            <FromClause>dd_order do3
JOIN dd_orderline do2 
    on do3.dd_order_id = do2.dd_order_id
JOIN ftu_loadorderline fl 
    on do2.dd_orderline_id = fl.dd_orderline_id
JOIN FTU_LoadOrder lo 
    on fl.ftu_loadorder_id = lo.ftu_loadorder_id
JOIN FTU_EntryTicket b 
    on lo.FTU_EntryTicket_ID = b.FTU_EntryTicket_ID</FromClause>
            <OtherClause/>
            <Processing>N</Processing>
            <AD_InfoWindow_UU>48a29853-758c-4eb3-af1e-1944d4257954</AD_InfoWindow_UU>
            <WhereClause>b.M_Shipper_ID is not null and not exists ( select 1 from FTU_FreightCostline fc3 join ftu_freightcost ff on fc3.ftu_freightcost_id = ff.ftu_freightcost_id where ff.FTU_LoadOrder_ID = lo.FTU_LoadOrder_ID and fc3.DD_Order_ID = do3.DD_Order_ID and ff.DocStatus not in ('RE', 'VO'))</WhereClause>
            <IsDefault>N</IsDefault>
            <IsDistinct>N</IsDistinct>
            <OrderByClause>do3.dd_order_id  asc</OrderByClause>
            <IsValid>Y</IsValid>
            <AD_CtxHelp_ID reference="id"/>
            <ImageURL/>
            <SeqNo>290</SeqNo>
            <IsShowInDashboard>Y</IsShowInDashboard>
            <MaxQueryRecords>0</MaxQueryRecords>
            <isLoadPageNum>Y</isLoadPageNum>
            <PagingSize>0</PagingSize>
            <AD_Window_ID reference="id"/>
            <PO_Window_ID reference="id"/>
            <AD_InfoWindow_Trl type="translation">
                <Description/>
                <Help/>
                <Name>Generar Costo de Flete por Distribución de Mercancia</Name>
                <AD_Language>es_VE</AD_Language>
                <IsActive>Y</IsActive>
                <IsTranslated>N</IsTranslated>
            </AD_InfoWindow_Trl>
            <AD_InfoWindow_Trl type="translation">
                <Description/>
                <Help/>
                <Name>Generar Costo de Flete por Distribución de Mercancia</Name>
                <AD_Language>es_CO</AD_Language>
                <IsActive>Y</IsActive>
                <IsTranslated>N</IsTranslated>
            </AD_InfoWindow_Trl>
            <AD_InfoColumn type="table">
                <AD_Client_ID>0</AD_Client_ID>
                <AD_Org_ID>0</AD_Org_ID>
                <AD_Org_ID reference="id">0</AD_Org_ID>
                <IsActive>Y</IsActive>
                <Name>Business Partner </Name>
                <Description>Identifies a Business Partner</Description>
                <Help>A Business Partner is anyone with whom you transact.  This can include Vendor, Customer, Employee or Salesperson</Help>
                <AD_InfoWindow_ID reference="uuid" reference-key="AD_InfoWindow">48a29853-758c-4eb3-af1e-1944d4257954</AD_InfoWindow_ID>
                <EntityType>FTU</EntityType>
                <SelectClause>b.C_BPartner_ID</SelectClause>
                <SeqNo>50</SeqNo>
                <IsDisplayed>Y</IsDisplayed>
                <IsQueryCriteria>N</IsQueryCriteria>
                <AD_Element_ID reference="id">187</AD_Element_ID>
                <AD_Reference_ID reference="id">30</AD_Reference_ID>
                <AD_InfoColumn_UU>6cef20be-92c3-4ca5-aaba-73fb20fad9f0</AD_InfoColumn_UU>
                <AD_Reference_Value_ID reference="id">138</AD_Reference_Value_ID>
                <AD_Val_Rule_ID reference="id"/>
                <IsCentrallyMaintained>Y</IsCentrallyMaintained>
                <DisplayLogic/>
                <ColumnName>C_BPartner_ID</ColumnName>
                <QueryOperator/>
                <QueryFunction/>
                <IsIdentifier>N</IsIdentifier>
                <SeqNoSelection>0</SeqNoSelection>
                <DefaultValue/>
                <IsMandatory>N</IsMandatory>
                <IsKey>N</IsKey>
                <IsReadOnly>Y</IsReadOnly>
                <Placeholder/>
                <InputFieldValidation/>
                <AD_FieldStyle_ID reference="id"/>
                <IsAutocomplete>N</IsAutocomplete>
                <IsQueryAfterChange>N</IsQueryAfterChange>
                <IsRange>N</IsRange>
                <DefaultValue2/>
                <Placeholder2/>
                <AD_InfoColumn_Trl type="translation">
                    <Description>Identifica un Tercero</Description>
                    <Help>Un tercero es cualquiera con quien usted realiza transacciones. Este puede incluir Proveedores, Clientes, Empleados o Vendedores.</Help>
                    <Name>Tercero</Name>
                    <Placeholder/>
                    <Placeholder2/>
                    <AD_Language>es_CO</AD_Language>
                    <IsActive>Y</IsActive>
                    <IsTranslated>Y</IsTranslated>
                </AD_InfoColumn_Trl>
                <AD_InfoColumn_Trl type="translation">
                    <Description>Identifica un Tercero</Description>
                    <Help>Un tercero es cualquiera con quien usted realiza transacciones. Este puede incluir Proveedores, Clientes, Empleados o Vendedores.</Help>
                    <Name>Tercero</Name>
                    <Placeholder/>
                    <Placeholder2/>
                    <AD_Language>es_VE</AD_Language>
                    <IsActive>Y</IsActive>
                    <IsTranslated>N</IsTranslated>
                </AD_InfoColumn_Trl>
            </AD_InfoColumn>
            <AD_InfoColumn type="table">
                <AD_Client_ID>0</AD_Client_ID>
                <AD_Org_ID>0</AD_Org_ID>
                <AD_Org_ID reference="id">0</AD_Org_ID>
                <IsActive>Y</IsActive>
                <Name>Organization</Name>
                <Description>Organizational entity within client</Description>
                <Help>An organization is a unit of your client or legal entity - examples are store, department. You can share data between organizations.</Help>
                <AD_InfoWindow_ID reference="uuid" reference-key="AD_InfoWindow">48a29853-758c-4eb3-af1e-1944d4257954</AD_InfoWindow_ID>
                <EntityType>FTU</EntityType>
                <SelectClause>lo.AD_Org_ID</SelectClause>
                <SeqNo>10</SeqNo>
                <IsDisplayed>Y</IsDisplayed>
                <IsQueryCriteria>N</IsQueryCriteria>
                <AD_Element_ID reference="id">113</AD_Element_ID>
                <AD_Reference_ID reference="id">19</AD_Reference_ID>
                <AD_InfoColumn_UU>eb8c44df-e831-45ed-804b-5a3c6c0077d1</AD_InfoColumn_UU>
                <AD_Reference_Value_ID reference="id"/>
                <AD_Val_Rule_ID reference="id">104</AD_Val_Rule_ID>
                <IsCentrallyMaintained>Y</IsCentrallyMaintained>
                <DisplayLogic/>
                <ColumnName>AD_Org_ID</ColumnName>
                <QueryOperator/>
                <QueryFunction/>
                <IsIdentifier>N</IsIdentifier>
                <SeqNoSelection>0</SeqNoSelection>
                <DefaultValue/>
                <IsMandatory>N</IsMandatory>
                <IsKey>N</IsKey>
                <IsReadOnly>Y</IsReadOnly>
                <Placeholder/>
                <InputFieldValidation/>
                <AD_FieldStyle_ID reference="id"/>
                <IsAutocomplete>N</IsAutocomplete>
                <IsQueryAfterChange>N</IsQueryAfterChange>
                <IsRange>N</IsRange>
                <DefaultValue2/>
                <Placeholder2/>
                <AD_InfoColumn_Trl type="translation">
                    <Description>Entidad organizacional dentro del grupo empresarial</Description>
                    <Help>Una organización es una unidad del grupo empresarial o entidad legal - Ej. Tiendas y departamentos. Es posible compartir datos entre organizaciones.</Help>
                    <Name>Organizacion</Name>
                    <Placeholder/>
                    <Placeholder2/>
                    <AD_Language>es_CO</AD_Language>
                    <IsActive>Y</IsActive>
                    <IsTranslated>Y</IsTranslated>
                </AD_InfoColumn_Trl>
                <AD_InfoColumn_Trl type="translation">
                    <Description>Entidad organizacional dentro del grupo empresarial</Description>
                    <Help>Una organización es una unidad del grupo empresarial o entidad legal - Ej. Tiendas y departamentos. Es posible compartir datos entre organizaciones.</Help>
                    <Name>Organizacion</Name>
                    <Placeholder/>
                    <Placeholder2/>
                    <AD_Language>es_VE</AD_Language>
                    <IsActive>Y</IsActive>
                    <IsTranslated>N</IsTranslated>
                </AD_InfoColumn_Trl>
            </AD_InfoColumn>
            <AD_InfoColumn type="table">
                <AD_Client_ID>0</AD_Client_ID>
                <AD_Org_ID>0</AD_Org_ID>
                <AD_Org_ID reference="id">0</AD_Org_ID>
                <IsActive>Y</IsActive>
                <Name>Shipper</Name>
                <Description>Method or manner of product delivery</Description>
                <Help>The Shipper indicates the method of delivering product</Help>
                <AD_InfoWindow_ID reference="uuid" reference-key="AD_InfoWindow">48a29853-758c-4eb3-af1e-1944d4257954</AD_InfoWindow_ID>
                <EntityType>FTU</EntityType>
                <SelectClause>b.M_Shipper_ID</SelectClause>
                <SeqNo>20</SeqNo>
                <IsDisplayed>Y</IsDisplayed>
                <IsQueryCriteria>Y</IsQueryCriteria>
                <AD_Element_ID reference="id">455</AD_Element_ID>
                <AD_Reference_ID reference="id">30</AD_Reference_ID>
                <AD_InfoColumn_UU>94bdfd76-a86a-4d60-a0b9-2cc627239841</AD_InfoColumn_UU>
                <AD_Reference_Value_ID reference="id"/>
                <AD_Val_Rule_ID reference="id"/>
                <IsCentrallyMaintained>Y</IsCentrallyMaintained>
                <DisplayLogic/>
                <ColumnName>M_Shipper_ID</ColumnName>
                <QueryOperator>=</QueryOperator>
                <QueryFunction/>
                <IsIdentifier>N</IsIdentifier>
                <SeqNoSelection>10</SeqNoSelection>
                <DefaultValue/>
                <IsMandatory>N</IsMandatory>
                <IsKey>N</IsKey>
                <IsReadOnly>Y</IsReadOnly>
                <Placeholder/>
                <InputFieldValidation/>
                <AD_FieldStyle_ID reference="id"/>
                <IsAutocomplete>N</IsAutocomplete>
                <IsQueryAfterChange>N</IsQueryAfterChange>
                <IsRange>N</IsRange>
                <DefaultValue2/>
                <Placeholder2/>
                <AD_InfoColumn_Trl type="translation">
                    <Description>Método o manera de entrega del producto</Description>
                    <Help>El transportista indica el responsable de entregar el producto</Help>
                    <Name>Transportista</Name>
                    <Placeholder/>
                    <Placeholder2/>
                    <AD_Language>es_CO</AD_Language>
                    <IsActive>Y</IsActive>
                    <IsTranslated>Y</IsTranslated>
                </AD_InfoColumn_Trl>
                <AD_InfoColumn_Trl type="translation">
                    <Description>Método o manera de entrega del producto</Description>
                    <Help>El transportista indica el responsable de entregar el producto</Help>
                    <Name>Transportista</Name>
                    <Placeholder/>
                    <Placeholder2/>
                    <AD_Language>es_VE</AD_Language>
                    <IsActive>Y</IsActive>
                    <IsTranslated>N</IsTranslated>
                </AD_InfoColumn_Trl>
            </AD_InfoColumn>
            <AD_InfoColumn type="table">
                <AD_Client_ID>0</AD_Client_ID>
                <AD_Org_ID>0</AD_Org_ID>
                <AD_Org_ID reference="id">0</AD_Org_ID>
                <IsActive>Y</IsActive>
                <Name>Document Date</Name>
                <Description>Date of the Document</Description>
                <Help>The Document Date indicates the date the document was generated.  It may or may not be the same as the accounting date.</Help>
                <AD_InfoWindow_ID reference="uuid" reference-key="AD_InfoWindow">48a29853-758c-4eb3-af1e-1944d4257954</AD_InfoWindow_ID>
                <EntityType>FTU</EntityType>
                <SelectClause>lo.DateDoc</SelectClause>
                <SeqNo>40</SeqNo>
                <IsDisplayed>Y</IsDisplayed>
                <IsQueryCriteria>Y</IsQueryCriteria>
                <AD_Element_ID reference="id">265</AD_Element_ID>
                <AD_Reference_ID reference="id">15</AD_Reference_ID>
                <AD_InfoColumn_UU>a932c070-cb42-4e3e-94ee-02dd397fb916</AD_InfoColumn_UU>
                <AD_Reference_Value_ID reference="id"/>
                <AD_Val_Rule_ID reference="id"/>
                <IsCentrallyMaintained>Y</IsCentrallyMaintained>
                <DisplayLogic/>
                <ColumnName>DateDoc</ColumnName>
                <QueryOperator>=</QueryOperator>
                <QueryFunction/>
                <IsIdentifier>N</IsIdentifier>
                <SeqNoSelection>30</SeqNoSelection>
                <DefaultValue/>
                <IsMandatory>N</IsMandatory>
                <IsKey>N</IsKey>
                <IsReadOnly>Y</IsReadOnly>
                <Placeholder/>
                <InputFieldValidation/>
                <AD_FieldStyle_ID reference="id"/>
                <IsAutocomplete>N</IsAutocomplete>
                <IsQueryAfterChange>N</IsQueryAfterChange>
                <IsRange>N</IsRange>
                <DefaultValue2/>
                <Placeholder2/>
                <AD_InfoColumn_Trl type="translation">
                    <Description>Fecha del documento</Description>
                    <Help>La fecha del documento indica la fecha en que el documento fue generado. Puede o no ser la misma que la fecha contable.</Help>
                    <Name>Fecha Documento</Name>
                    <Placeholder/>
                    <Placeholder2/>
                    <AD_Language>es_CO</AD_Language>
                    <IsActive>Y</IsActive>
                    <IsTranslated>Y</IsTranslated>
                </AD_InfoColumn_Trl>
                <AD_InfoColumn_Trl type="translation">
                    <Description>Fecha del documento</Description>
                    <Help>La fecha del documento indica la fecha en que el documento fue generado. Puede o no ser la misma que la fecha contable.</Help>
                    <Name>Fecha Documento</Name>
                    <Placeholder/>
                    <Placeholder2/>
                    <AD_Language>es_VE</AD_Language>
                    <IsActive>Y</IsActive>
                    <IsTranslated>N</IsTranslated>
                </AD_InfoColumn_Trl>
            </AD_InfoColumn>
            <AD_Val_Rule type="table">
                <AD_Client_ID>0</AD_Client_ID>
                <AD_Org_ID>0</AD_Org_ID>
                <Name>C_Order SO or PO (Order Completed)</Name>
                <Description/>
                <Type>S</Type>
                <Code>C_Order.DocStatus in ('CO',
	'CL')
	and C_Order.IsSOTrx = '@IsSOTrx@'
	and exists (
	select
		1
	from
		C_OrderLine
	join M_Product on
		C_OrderLine.m_product_id = M_Product.m_product_id
	where
		C_OrderLine.C_Order_ID = C_Order.C_Order_ID
		and C_OrderLine.QtyReserved &gt; 0	
		and m_product.IsBulk = 
		case when '@OperationType@' in ('PBR','RMR','DBM','MOM')  then 'Y' 
		when '@OperationType@' in ('DFP','MIM','ORW','RMP')  then 'N' end
		)</Code>
                <AD_Org_ID reference="id">0</AD_Org_ID>
                <IsActive>Y</IsActive>
                <EntityType>FTURW</EntityType>
                <AD_Val_Rule_UU>76c9aa35-0a41-4c66-a8bc-299d12549b4b</AD_Val_Rule_UU>
            </AD_Val_Rule>
            <AD_InfoColumn type="table">
                <AD_Client_ID>0</AD_Client_ID>
                <AD_Org_ID>0</AD_Org_ID>
                <AD_Org_ID reference="id">0</AD_Org_ID>
                <IsActive>Y</IsActive>
                <Name>Order</Name>
                <Description>Order</Description>
                <Help>The Order is a control document.  The  Order is complete when the quantity ordered is the same as the quantity shipped and invoiced.  When you close an order, unshipped (backordered) quantities are cancelled.</Help>
                <AD_InfoWindow_ID reference="uuid" reference-key="AD_InfoWindow">48a29853-758c-4eb3-af1e-1944d4257954</AD_InfoWindow_ID>
                <EntityType>FTU</EntityType>
                <SelectClause>b.C_Order_ID</SelectClause>
                <SeqNo>60</SeqNo>
                <IsDisplayed>Y</IsDisplayed>
                <IsQueryCriteria>Y</IsQueryCriteria>
                <AD_Element_ID reference="id">558</AD_Element_ID>
                <AD_Reference_ID reference="id">30</AD_Reference_ID>
                <AD_InfoColumn_UU>ed556445-f669-4e13-80ab-bcccbed8be3d</AD_InfoColumn_UU>
                <AD_Reference_Value_ID reference="id"/>
                <AD_Val_Rule_ID reference="uuid" reference-key="AD_Val_Rule">76c9aa35-0a41-4c66-a8bc-299d12549b4b</AD_Val_Rule_ID>
                <IsCentrallyMaintained>Y</IsCentrallyMaintained>
                <DisplayLogic/>
                <ColumnName>C_Order_ID</ColumnName>
                <QueryOperator>=</QueryOperator>
                <QueryFunction/>
                <IsIdentifier>N</IsIdentifier>
                <SeqNoSelection>50</SeqNoSelection>
                <DefaultValue/>
                <IsMandatory>N</IsMandatory>
                <IsKey>N</IsKey>
                <IsReadOnly>Y</IsReadOnly>
                <Placeholder/>
                <InputFieldValidation/>
                <AD_FieldStyle_ID reference="id"/>
                <IsAutocomplete>N</IsAutocomplete>
                <IsQueryAfterChange>N</IsQueryAfterChange>
                <IsRange>N</IsRange>
                <DefaultValue2/>
                <Placeholder2/>
                <AD_InfoColumn_Trl type="translation">
                    <Description>Orden de Venta</Description>
                    <Help>La ID de la orden de ventas es un identificador único de la orden de ventas; Ésta es controlada por la secuencia del documento para este tipo de documento.</Help>
                    <Name>Orden de Venta</Name>
                    <Placeholder/>
                    <Placeholder2/>
                    <AD_Language>es_CO</AD_Language>
                    <IsActive>Y</IsActive>
                    <IsTranslated>Y</IsTranslated>
                </AD_InfoColumn_Trl>
                <AD_InfoColumn_Trl type="translation">
                    <Description>Orden de Venta</Description>
                    <Help>La ID de la orden de ventas es un identificador único de la orden de ventas; Ésta es controlada por la secuencia del documento para este tipo de documento.</Help>
                    <Name>Orden de Venta</Name>
                    <Placeholder/>
                    <Placeholder2/>
                    <AD_Language>es_VE</AD_Language>
                    <IsActive>Y</IsActive>
                    <IsTranslated>Y</IsTranslated>
                </AD_InfoColumn_Trl>
            </AD_InfoColumn>
            <AD_InfoColumn type="table">
                <AD_Client_ID>0</AD_Client_ID>
                <AD_Org_ID>0</AD_Org_ID>
                <AD_Org_ID reference="id">0</AD_Org_ID>
                <IsActive>Y</IsActive>
                <Name>Document No</Name>
                <Description>Document sequence number of the document</Description>
                <Help>The document number is usually automatically generated by the system and determined by the document type of the document. If the document is not saved, the preliminary number is displayed in "&lt;&gt;".

If the document type of your document has no automatic document sequence defined, the field is empty if you create a new document. This is for documents which usually have an external number (like vendor invoice).  If you leave the field empty, the system will generate a document number for you. The document sequence used for this fallback number is defined in the "Maintain Sequence" window with the name "DocumentNo_&lt;TableName&gt;", where TableName is the actual name of the table (e.g. C_Order).</Help>
                <AD_InfoWindow_ID reference="uuid" reference-key="AD_InfoWindow">48a29853-758c-4eb3-af1e-1944d4257954</AD_InfoWindow_ID>
                <EntityType>FTU</EntityType>
                <SelectClause>lo.DocumentNo</SelectClause>
                <SeqNo>30</SeqNo>
                <IsDisplayed>Y</IsDisplayed>
                <IsQueryCriteria>Y</IsQueryCriteria>
                <AD_Element_ID reference="id">290</AD_Element_ID>
                <AD_Reference_ID reference="id">10</AD_Reference_ID>
                <AD_InfoColumn_UU>4cd9c4e9-9360-4b9a-a5c8-edac8c177021</AD_InfoColumn_UU>
                <AD_Reference_Value_ID reference="id"/>
                <AD_Val_Rule_ID reference="id"/>
                <IsCentrallyMaintained>Y</IsCentrallyMaintained>
                <DisplayLogic/>
                <ColumnName>DocumentNo</ColumnName>
                <QueryOperator>Like</QueryOperator>
                <QueryFunction>Upper</QueryFunction>
                <IsIdentifier>Y</IsIdentifier>
                <SeqNoSelection>20</SeqNoSelection>
                <DefaultValue/>
                <IsMandatory>N</IsMandatory>
                <IsKey>N</IsKey>
                <IsReadOnly>Y</IsReadOnly>
                <Placeholder/>
                <InputFieldValidation/>
                <AD_FieldStyle_ID reference="id"/>
                <IsAutocomplete>N</IsAutocomplete>
                <IsQueryAfterChange>N</IsQueryAfterChange>
                <IsRange>N</IsRange>
                <DefaultValue2/>
                <Placeholder2/>
                <AD_InfoColumn_Trl type="translation">
                    <Description>Número de secuencia del documento para cada documento</Description>
                    <Help>El número del documento es usualmente generado en automático por el sistema y determinado por el tipo del documento. Si el documento no se salva; el número preliminar se despliega entre El número del documento es usualmente generado en automático por el sistema y determinado por el tipo del documento. Si el documento no se salva; el número preliminar se despliega entre "&lt;&gt;".

 Si el tipo de documento de su documento no tiene secuencia automatica definida, el campo está vacío si usted crea un nuevo doc. Esto es para documentos los cuales usualmente tiene un número externo (Como factura de proveedor). Si usted deja este campo vacío, el sistema generará un número de doc para usted.</Help>
                    <Name>No. del Documento</Name>
                    <Placeholder/>
                    <Placeholder2/>
                    <AD_Language>es_CO</AD_Language>
                    <IsActive>Y</IsActive>
                    <IsTranslated>Y</IsTranslated>
                </AD_InfoColumn_Trl>
                <AD_InfoColumn_Trl type="translation">
                    <Description>Número de secuencia del documento para cada documento</Description>
                    <Help>El número del documento es usualmente generado en automático por el sistema y determinado por el tipo del documento. Si el documento no se salva; el número preliminar se despliega entre El número del documento es usualmente generado en automático por el sistema y determinado por el tipo del documento. Si el documento no se salva; el número preliminar se despliega entre "&lt;&gt;".

 Si el tipo de documento de su documento no tiene secuencia automatica definida, el campo está vacío si usted crea un nuevo doc. Esto es para documentos los cuales usualmente tiene un número externo (Como factura de proveedor). Si usted deja este campo vacío, el sistema generará un número de doc para usted.</Help>
                    <Name>No. del Documento</Name>
                    <Placeholder/>
                    <Placeholder2/>
                    <AD_Language>es_VE</AD_Language>
                    <IsActive>Y</IsActive>
                    <IsTranslated>N</IsTranslated>
                </AD_InfoColumn_Trl>
            </AD_InfoColumn>
            <AD_Element type="table">
                <AD_Client_ID>0</AD_Client_ID>
                <AD_Org_ID>0</AD_Org_ID>
                <AD_Org_ID reference="id">0</AD_Org_ID>
                <IsActive>Y</IsActive>
                <ColumnName>FTU_LoadOrder_ID</ColumnName>
                <Name>Load Order</Name>
                <Description/>
                <Help/>
                <PrintName>Load Order</PrintName>
                <PO_Description/>
                <PO_Help/>
                <PO_Name/>
                <PO_PrintName/>
                <EntityType>FTU</EntityType>
                <AD_Element_UU>98c05ccb-78de-413f-abc0-b77abd79b9cb</AD_Element_UU>
                <Placeholder/>
                <AD_Element_Trl type="translation">
                    <Description/>
                    <Help/>
                    <Name>Orden de Carga</Name>
                    <Placeholder/>
                    <PO_Description/>
                    <PO_Help/>
                    <PO_Name/>
                    <PO_PrintName/>
                    <PrintName>Orden de Carga</PrintName>
                    <AD_Language>es_CO</AD_Language>
                    <IsActive>Y</IsActive>
                    <IsTranslated>N</IsTranslated>
                </AD_Element_Trl>
                <AD_Element_Trl type="translation">
                    <Description/>
                    <Help/>
                    <Name>Load Order</Name>
                    <Placeholder/>
                    <PO_Description/>
                    <PO_Help/>
                    <PO_Name/>
                    <PO_PrintName/>
                    <PrintName>Load Order</PrintName>
                    <AD_Language>es_VE</AD_Language>
                    <IsActive>Y</IsActive>
                    <IsTranslated>N</IsTranslated>
                </AD_Element_Trl>
            </AD_Element>
            <AD_InfoColumn type="table">
                <AD_Client_ID>0</AD_Client_ID>
                <AD_Org_ID>0</AD_Org_ID>
                <AD_Org_ID reference="id">0</AD_Org_ID>
                <IsActive>Y</IsActive>
                <Name>Load Order</Name>
                <Description/>
                <Help/>
                <AD_InfoWindow_ID reference="uuid" reference-key="AD_InfoWindow">48a29853-758c-4eb3-af1e-1944d4257954</AD_InfoWindow_ID>
                <EntityType>FTU</EntityType>
                <SelectClause>lo.FTU_LoadOrder_ID</SelectClause>
                <SeqNo>160</SeqNo>
                <IsDisplayed>Y</IsDisplayed>
                <IsQueryCriteria>N</IsQueryCriteria>
                <AD_Element_ID reference="uuid" reference-key="AD_Element">98c05ccb-78de-413f-abc0-b77abd79b9cb</AD_Element_ID>
                <AD_Reference_ID reference="id">30</AD_Reference_ID>
                <AD_InfoColumn_UU>c28ee399-8fe1-431f-b9b5-f993e7d410df</AD_InfoColumn_UU>
                <AD_Reference_Value_ID reference="id"/>
                <AD_Val_Rule_ID reference="id"/>
                <IsCentrallyMaintained>Y</IsCentrallyMaintained>
                <DisplayLogic/>
                <ColumnName>FTU_LoadOrder_ID</ColumnName>
                <QueryOperator>=</QueryOperator>
                <QueryFunction/>
                <IsIdentifier>N</IsIdentifier>
                <SeqNoSelection>0</SeqNoSelection>
                <DefaultValue/>
                <IsMandatory>N</IsMandatory>
                <IsKey>N</IsKey>
                <IsReadOnly>Y</IsReadOnly>
                <Placeholder/>
                <InputFieldValidation/>
                <AD_FieldStyle_ID reference="id"/>
                <IsAutocomplete>N</IsAutocomplete>
                <IsQueryAfterChange>N</IsQueryAfterChange>
                <IsRange>N</IsRange>
                <DefaultValue2/>
                <Placeholder2/>
                <AD_InfoColumn_Trl type="translation">
                    <Description/>
                    <Help/>
                    <Name>Orden de Carga</Name>
                    <Placeholder/>
                    <Placeholder2/>
                    <AD_Language>es_CO</AD_Language>
                    <IsActive>Y</IsActive>
                    <IsTranslated>N</IsTranslated>
                </AD_InfoColumn_Trl>
                <AD_InfoColumn_Trl type="translation">
                    <Description/>
                    <Help/>
                    <Name>Load Order</Name>
                    <Placeholder/>
                    <Placeholder2/>
                    <AD_Language>es_VE</AD_Language>
                    <IsActive>Y</IsActive>
                    <IsTranslated>N</IsTranslated>
                </AD_InfoColumn_Trl>
            </AD_InfoColumn>
            <AD_InfoColumn type="table">
                <AD_Client_ID>0</AD_Client_ID>
                <AD_Org_ID>0</AD_Org_ID>
                <AD_Org_ID reference="id">0</AD_Org_ID>
                <IsActive>Y</IsActive>
                <Name>Distribution Order</Name>
                <Description/>
                <Help/>
                <AD_InfoWindow_ID reference="uuid" reference-key="AD_InfoWindow">48a29853-758c-4eb3-af1e-1944d4257954</AD_InfoWindow_ID>
                <EntityType>FTU</EntityType>
                <SelectClause>do3.DD_Order_ID</SelectClause>
                <SeqNo>70</SeqNo>
                <IsDisplayed>Y</IsDisplayed>
                <IsQueryCriteria>Y</IsQueryCriteria>
                <AD_Element_ID reference="id">53311</AD_Element_ID>
                <AD_Reference_ID reference="id">30</AD_Reference_ID>
                <AD_InfoColumn_UU>bfb78e87-275d-40c0-a8b5-3b7465229d47</AD_InfoColumn_UU>
                <AD_Reference_Value_ID reference="id"/>
                <AD_Val_Rule_ID reference="id"/>
                <IsCentrallyMaintained>Y</IsCentrallyMaintained>
                <DisplayLogic/>
                <ColumnName>DD_Order_ID</ColumnName>
                <QueryOperator>=</QueryOperator>
                <QueryFunction/>
                <IsIdentifier>N</IsIdentifier>
                <SeqNoSelection>40</SeqNoSelection>
                <DefaultValue/>
                <IsMandatory>N</IsMandatory>
                <IsKey>N</IsKey>
                <IsReadOnly>Y</IsReadOnly>
                <Placeholder/>
                <InputFieldValidation/>
                <AD_FieldStyle_ID reference="id"/>
                <IsAutocomplete>N</IsAutocomplete>
                <IsQueryAfterChange>N</IsQueryAfterChange>
                <IsRange>N</IsRange>
                <DefaultValue2/>
                <Placeholder2/>
                <AD_InfoColumn_Trl type="translation">
                    <Description/>
                    <Help/>
                    <Name>Orden Distribución</Name>
                    <Placeholder/>
                    <Placeholder2/>
                    <AD_Language>es_CO</AD_Language>
                    <IsActive>Y</IsActive>
                    <IsTranslated>Y</IsTranslated>
                </AD_InfoColumn_Trl>
                <AD_InfoColumn_Trl type="translation">
                    <Description/>
                    <Help/>
                    <Name>Orden Distribución</Name>
                    <Placeholder/>
                    <Placeholder2/>
                    <AD_Language>es_VE</AD_Language>
                    <IsActive>Y</IsActive>
                    <IsTranslated>N</IsTranslated>
                </AD_InfoColumn_Trl>
            </AD_InfoColumn>
            <AD_Process type="table">
                <AD_Client_ID>0</AD_Client_ID>
                <AD_Org_ID>0</AD_Org_ID>
                <AD_Org_ID reference="id">0</AD_Org_ID>
                <IsActive>Y</IsActive>
                <Name>FTUGenerateFreightCostDistribution</Name>
                <Description/>
                <Help/>
                <ProcedureName/>
                <IsReport>N</IsReport>
                <Value>FTUGenerateFreightCostDistribution</Value>
                <IsDirectPrint>N</IsDirectPrint>
                <AD_ReportView_ID reference="id"/>
                <Classname>net.frontuari.recordweight.process.FTUGenerateFreightCostDistribution</Classname>
                <AccessLevel>6</AccessLevel>
                <EntityType>FTU</EntityType>
                <Statistic_Count>20</Statistic_Count>
                <Statistic_Seconds>3368</Statistic_Seconds>
                <AD_PrintFormat_ID reference="id"/>
                <WorkflowValue/>
                <AD_Workflow_ID reference="id"/>
                <IsBetaFunctionality>N</IsBetaFunctionality>
                <ShowHelp>Y</ShowHelp>
                <JasperReport/>
                <AD_Form_ID reference="id"/>
                <CopyFromProcess>N</CopyFromProcess>
                <AD_Process_UU>ae433d07-6c29-4209-b551-e9deb8766001</AD_Process_UU>
                <AD_CtxHelp_ID reference="id"/>
                <ExecutionType/>
                <AllowMultipleExecution>P</AllowMultipleExecution>
                <FileNamePattern/>
                <AD_Process_Trl type="translation">
                    <Description/>
                    <Help/>
                    <Name>Generar Costo de Flete Distribución de Mercancía</Name>
                    <AD_Language>es_CO</AD_Language>
                    <IsActive>Y</IsActive>
                    <IsTranslated>N</IsTranslated>
                </AD_Process_Trl>
                <AD_Process_Trl type="translation">
                    <Description/>
                    <Help/>
                    <Name>Generar Costo de Flete Distribución de Mercancía</Name>
                    <AD_Language>es_VE</AD_Language>
                    <IsActive>Y</IsActive>
                    <IsTranslated>N</IsTranslated>
                </AD_Process_Trl>
                <AD_Val_Rule type="table">
                    <AD_Client_ID>0</AD_Client_ID>
                    <AD_Org_ID>0</AD_Org_ID>
                    <Name>C_DocType FreightCost</Name>
                    <Description/>
                    <Type>S</Type>
                    <Code>C_DocType.DocBaseType IN ('COF')  AND C_DocType.AD_Client_ID=@#AD_Client_ID@</Code>
                    <AD_Org_ID reference="id">0</AD_Org_ID>
                    <IsActive>Y</IsActive>
                    <EntityType>FTURW</EntityType>
                    <AD_Val_Rule_UU>d24a9adf-90b1-4b7b-8e62-544fe7faa6c5</AD_Val_Rule_UU>
                </AD_Val_Rule>
                <AD_Process_Para type="table">
                    <AD_Client_ID>0</AD_Client_ID>
                    <AD_Org_ID>0</AD_Org_ID>
                    <AD_Org_ID reference="id">0</AD_Org_ID>
                    <IsActive>Y</IsActive>
                    <Name>Document Type</Name>
                    <Description>Document type or rules</Description>
                    <Help>The Document Type determines document sequence and processing rules</Help>
                    <AD_Process_ID reference="uuid" reference-key="AD_Process">ae433d07-6c29-4209-b551-e9deb8766001</AD_Process_ID>
                    <SeqNo>10</SeqNo>
                    <AD_Reference_ID reference="id">19</AD_Reference_ID>
                    <AD_Reference_Value_ID reference="id"/>
                    <IsRange>N</IsRange>
                    <AD_Val_Rule_ID reference="uuid" reference-key="AD_Val_Rule">d24a9adf-90b1-4b7b-8e62-544fe7faa6c5</AD_Val_Rule_ID>
                    <FieldLength>0</FieldLength>
                    <IsMandatory>Y</IsMandatory>
                    <DefaultValue/>
                    <VFormat/>
                    <ValueMin/>
                    <ValueMax/>
                    <ColumnName>C_DocType_ID</ColumnName>
                    <DefaultValue2/>
                    <IsCentrallyMaintained>Y</IsCentrallyMaintained>
                    <EntityType>FTU</EntityType>
                    <AD_Element_ID reference="id">196</AD_Element_ID>
                    <ReadOnlyLogic/>
                    <DisplayLogic/>
                    <AD_Process_Para_UU>554f449a-ba12-4ec2-8af1-bd5aa0adefcb</AD_Process_Para_UU>
                    <IsEncrypted>N</IsEncrypted>
                    <MandatoryLogic/>
                    <Query/>
                    <AD_FieldGroup_ID reference="id"/>
                    <Placeholder/>
                    <Placeholder2/>
                    <IsAutocomplete>N</IsAutocomplete>
                    <DateRangeOption>D</DateRangeOption>
                    <IsShowNegateButton>N</IsShowNegateButton>
                    <AD_Process_Para_Trl type="translation">
                        <Description>Tipo de documento o reglas</Description>
                        <Help>El tipo de documento determina la secuencia del documento y las reglas de proceso</Help>
                        <Name>Tipo de Documento</Name>
                        <Placeholder/>
                        <Placeholder2/>
                        <AD_Language>es_CO</AD_Language>
                        <IsActive>Y</IsActive>
                        <IsTranslated>Y</IsTranslated>
                    </AD_Process_Para_Trl>
                    <AD_Process_Para_Trl type="translation">
                        <Description>Tipo de documento o reglas</Description>
                        <Help>El tipo de documento determina la secuencia del documento y las reglas de proceso</Help>
                        <Name>Tipo de Documento</Name>
                        <Placeholder/>
                        <Placeholder2/>
                        <AD_Language>es_VE</AD_Language>
                        <IsActive>Y</IsActive>
                        <IsTranslated>N</IsTranslated>
                    </AD_Process_Para_Trl>
                </AD_Process_Para>
                <AD_Element type="table">
                    <AD_Client_ID>0</AD_Client_ID>
                    <AD_Org_ID>0</AD_Org_ID>
                    <AD_Org_ID reference="id">0</AD_Org_ID>
                    <IsActive>Y</IsActive>
                    <ColumnName>FTU_PriceForTrip_ID</ColumnName>
                    <Name>Price For Trip</Name>
                    <Description/>
                    <Help/>
                    <PrintName>Price For Trip</PrintName>
                    <PO_Description/>
                    <PO_Help/>
                    <PO_Name/>
                    <PO_PrintName/>
                    <EntityType>FTURW</EntityType>
                    <AD_Element_UU>24f0fda9-6bd2-4d7a-a8a5-7397e4525e61</AD_Element_UU>
                    <Placeholder/>
                    <AD_Element_Trl type="translation">
                        <Description/>
                        <Help/>
                        <Name>Trarifa de Transporte</Name>
                        <Placeholder/>
                        <PO_Description/>
                        <PO_Help/>
                        <PO_Name/>
                        <PO_PrintName/>
                        <PrintName>Trarifa de Transporte</PrintName>
                        <AD_Language>es_CO</AD_Language>
                        <IsActive>Y</IsActive>
                        <IsTranslated>N</IsTranslated>
                    </AD_Element_Trl>
                    <AD_Element_Trl type="translation">
                        <Description/>
                        <Help/>
                        <Name>Trarifa de Transporte</Name>
                        <Placeholder/>
                        <PO_Description/>
                        <PO_Help/>
                        <PO_Name/>
                        <PO_PrintName/>
                        <PrintName>Trarifa de Transporte</PrintName>
                        <AD_Language>es_VE</AD_Language>
                        <IsActive>Y</IsActive>
                        <IsTranslated>N</IsTranslated>
                    </AD_Element_Trl>
                </AD_Element>
                <AD_Process_Para type="table">
                    <AD_Client_ID>0</AD_Client_ID>
                    <AD_Org_ID>0</AD_Org_ID>
                    <AD_Org_ID reference="id">0</AD_Org_ID>
                    <IsActive>Y</IsActive>
                    <Name>Price For Trip</Name>
                    <Description/>
                    <Help/>
                    <AD_Process_ID reference="uuid" reference-key="AD_Process">ae433d07-6c29-4209-b551-e9deb8766001</AD_Process_ID>
                    <SeqNo>20</SeqNo>
                    <AD_Reference_ID reference="id">19</AD_Reference_ID>
                    <AD_Reference_Value_ID reference="id"/>
                    <IsRange>N</IsRange>
                    <AD_Val_Rule_ID reference="id"/>
                    <FieldLength>22</FieldLength>
                    <IsMandatory>Y</IsMandatory>
                    <DefaultValue/>
                    <VFormat/>
                    <ValueMin/>
                    <ValueMax/>
                    <ColumnName>FTU_PriceForTrip_ID</ColumnName>
                    <DefaultValue2/>
                    <IsCentrallyMaintained>Y</IsCentrallyMaintained>
                    <EntityType>FTU</EntityType>
                    <AD_Element_ID reference="uuid" reference-key="AD_Element">24f0fda9-6bd2-4d7a-a8a5-7397e4525e61</AD_Element_ID>
                    <ReadOnlyLogic/>
                    <DisplayLogic/>
                    <AD_Process_Para_UU>72abcd4a-cec1-4e73-a0ac-5d1b66a43e78</AD_Process_Para_UU>
                    <IsEncrypted>N</IsEncrypted>
                    <MandatoryLogic/>
                    <Query/>
                    <AD_FieldGroup_ID reference="id"/>
                    <Placeholder/>
                    <Placeholder2/>
                    <IsAutocomplete>N</IsAutocomplete>
                    <DateRangeOption>D</DateRangeOption>
                    <IsShowNegateButton>N</IsShowNegateButton>
                    <AD_Process_Para_Trl type="translation">
                        <Description/>
                        <Help/>
                        <Name>Trarifa de Transporte</Name>
                        <Placeholder/>
                        <Placeholder2/>
                        <AD_Language>es_CO</AD_Language>
                        <IsActive>Y</IsActive>
                        <IsTranslated>N</IsTranslated>
                    </AD_Process_Para_Trl>
                    <AD_Process_Para_Trl type="translation">
                        <Description/>
                        <Help/>
                        <Name>Trarifa de Transporte</Name>
                        <Placeholder/>
                        <Placeholder2/>
                        <AD_Language>es_VE</AD_Language>
                        <IsActive>Y</IsActive>
                        <IsTranslated>N</IsTranslated>
                    </AD_Process_Para_Trl>
                </AD_Process_Para>
                <AD_Process_Para type="table">
                    <AD_Client_ID>0</AD_Client_ID>
                    <AD_Org_ID>0</AD_Org_ID>
                    <AD_Org_ID reference="id">0</AD_Org_ID>
                    <IsActive>Y</IsActive>
                    <Name>Consolidate to one Document</Name>
                    <Description>Consolidate Lines into one Document</Description>
                    <Help/>
                    <AD_Process_ID reference="uuid" reference-key="AD_Process">ae433d07-6c29-4209-b551-e9deb8766001</AD_Process_ID>
                    <SeqNo>30</SeqNo>
                    <AD_Reference_ID reference="id">20</AD_Reference_ID>
                    <AD_Reference_Value_ID reference="id"/>
                    <IsRange>N</IsRange>
                    <AD_Val_Rule_ID reference="id"/>
                    <FieldLength>0</FieldLength>
                    <IsMandatory>Y</IsMandatory>
                    <DefaultValue>N</DefaultValue>
                    <VFormat/>
                    <ValueMin/>
                    <ValueMax/>
                    <ColumnName>ConsolidateDocument</ColumnName>
                    <DefaultValue2/>
                    <IsCentrallyMaintained>Y</IsCentrallyMaintained>
                    <EntityType>FTU</EntityType>
                    <AD_Element_ID reference="id">2182</AD_Element_ID>
                    <ReadOnlyLogic/>
                    <DisplayLogic/>
                    <AD_Process_Para_UU>23d9724c-62df-43d4-87da-e3135abca056</AD_Process_Para_UU>
                    <IsEncrypted>N</IsEncrypted>
                    <MandatoryLogic/>
                    <Query/>
                    <AD_FieldGroup_ID reference="id"/>
                    <Placeholder/>
                    <Placeholder2/>
                    <IsAutocomplete>N</IsAutocomplete>
                    <DateRangeOption>D</DateRangeOption>
                    <IsShowNegateButton>N</IsShowNegateButton>
                    <AD_Process_Para_Trl type="translation">
                        <Description>Líneas consolidadas en un documento</Description>
                        <Help/>
                        <Name>Consolidado en un Documento</Name>
                        <Placeholder/>
                        <Placeholder2/>
                        <AD_Language>es_CO</AD_Language>
                        <IsActive>Y</IsActive>
                        <IsTranslated>Y</IsTranslated>
                    </AD_Process_Para_Trl>
                    <AD_Process_Para_Trl type="translation">
                        <Description>Líneas consolidadas en un documento</Description>
                        <Help/>
                        <Name>Consolidado en un Documento</Name>
                        <Placeholder/>
                        <Placeholder2/>
                        <AD_Language>es_VE</AD_Language>
                        <IsActive>Y</IsActive>
                        <IsTranslated>N</IsTranslated>
                    </AD_Process_Para_Trl>
                </AD_Process_Para>
                <AD_Process_Para type="table">
                    <AD_Client_ID>0</AD_Client_ID>
                    <AD_Org_ID>0</AD_Org_ID>
                    <AD_Org_ID reference="id">0</AD_Org_ID>
                    <IsActive>Y</IsActive>
                    <Name>Charge</Name>
                    <Description>Additional document charges</Description>
                    <Help>The Charge indicates a type of Charge (Handling, Shipping, Restocking)</Help>
                    <AD_Process_ID reference="uuid" reference-key="AD_Process">ae433d07-6c29-4209-b551-e9deb8766001</AD_Process_ID>
                    <SeqNo>40</SeqNo>
                    <AD_Reference_ID reference="id">19</AD_Reference_ID>
                    <AD_Reference_Value_ID reference="id"/>
                    <IsRange>N</IsRange>
                    <AD_Val_Rule_ID reference="id">52029</AD_Val_Rule_ID>
                    <FieldLength>0</FieldLength>
                    <IsMandatory>N</IsMandatory>
                    <DefaultValue/>
                    <VFormat/>
                    <ValueMin/>
                    <ValueMax/>
                    <ColumnName>C_Charge_ID</ColumnName>
                    <DefaultValue2/>
                    <IsCentrallyMaintained>Y</IsCentrallyMaintained>
                    <EntityType>FTU</EntityType>
                    <AD_Element_ID reference="id">968</AD_Element_ID>
                    <ReadOnlyLogic/>
                    <DisplayLogic/>
                    <AD_Process_Para_UU>3e7c0f35-c609-40d5-be9e-5aa0bde3bfdf</AD_Process_Para_UU>
                    <IsEncrypted>N</IsEncrypted>
                    <MandatoryLogic/>
                    <Query/>
                    <AD_FieldGroup_ID reference="id"/>
                    <Placeholder/>
                    <Placeholder2/>
                    <IsAutocomplete>N</IsAutocomplete>
                    <DateRangeOption>D</DateRangeOption>
                    <IsShowNegateButton>N</IsShowNegateButton>
                    <AD_Process_Para_Trl type="translation">
                        <Description>Cargos adicionales del documento</Description>
                        <Help>El cargo indica un tipo de cargo (manejo, embalaje, reposición)</Help>
                        <Name>Cargo</Name>
                        <Placeholder/>
                        <Placeholder2/>
                        <AD_Language>es_CO</AD_Language>
                        <IsActive>Y</IsActive>
                        <IsTranslated>Y</IsTranslated>
                    </AD_Process_Para_Trl>
                    <AD_Process_Para_Trl type="translation">
                        <Description>Cargos adicionales del documento</Description>
                        <Help>El cargo indica un tipo de cargo (manejo, embalaje, reposición)</Help>
                        <Name>Cargo</Name>
                        <Placeholder/>
                        <Placeholder2/>
                        <AD_Language>es_VE</AD_Language>
                        <IsActive>Y</IsActive>
                        <IsTranslated>N</IsTranslated>
                    </AD_Process_Para_Trl>
                </AD_Process_Para>
            </AD_Process>
            <AD_InfoProcess type="table">
                <AD_Client_ID>0</AD_Client_ID>
                <AD_Org_ID>0</AD_Org_ID>
                <AD_InfoProcess_UU>3fc2b088-78cb-40e3-9bdf-75c50d736683</AD_InfoProcess_UU>
                <AD_Org_ID reference="id">0</AD_Org_ID>
                <IsActive>Y</IsActive>
                <ImageURL/>
                <SeqNo>10</SeqNo>
                <AD_Process_ID reference="uuid" reference-key="AD_Process">ae433d07-6c29-4209-b551-e9deb8766001</AD_Process_ID>
                <AD_InfoWindow_ID reference="uuid" reference-key="AD_InfoWindow">48a29853-758c-4eb3-af1e-1944d4257954</AD_InfoWindow_ID>
                <LayoutType>B</LayoutType>
                <DisplayLogic/>
                <AD_InfoColumn_ID reference="uuid" reference-key="AD_InfoColumn">bfb78e87-275d-40c0-a8b5-3b7465229d47</AD_InfoColumn_ID>
                <EntityType>FTU</EntityType>
            </AD_InfoProcess>
        </AD_InfoWindow>
    </AD_Menu>
</idempiere>
