<?xml version="1.0" encoding="UTF-8"?><idempiere Name="AD_WF_Responsible" Version="1.0.0" idempiereVersion="7.1.0.qualifier" DataBaseVersion="2019-11-22" Description="" Author="SuperUser" AuthorEmail="superuser @ idempiere.com" CreatedDate="Sun May 03 11:15:20 VET 2020" UpdatedDate="Sun May 03 11:15:20 VET 2020" PackOutVersion="100" UpdateDictionary="true" Client="1000000-CONSORCIO OLEAGINOSO PORTUGUESA, S.A.-CONSORCIO OLEAGINOSO PORTUGUESA, S.A." AD_Client_UU="b1343cba-641a-460f-ac29-4f09d6cc68ab">
    <AD_WF_Responsible type="table">
        <AD_Org_ID>0</AD_Org_ID>
        <IsActive>Y</IsActive>
        <ResponsibleType>R</ResponsibleType>
        <Name>Aprobación Registro de Peso</Name>
        <AD_User_ID reference="id"/>
        <AD_Role_ID reference="uuid" reference-key="AD_Role">4f5ad520-f7e8-4bbe-b3b1-a35e77829e1e</AD_Role_ID>
        <Description/>
        <EntityType>FTU01</EntityType>
        <AD_WF_Responsible_UU>e4af39c6-0c1f-4074-8b72-392bcfb83629</AD_WF_Responsible_UU>
    </AD_WF_Responsible>
</idempiere>
