<?xml version="1.0" encoding="UTF-8"?><idempiere Name="AD_Ref_List" Version="1.0.0" idempiereVersion="7.1.0.qualifier" DataBaseVersion="2019-11-22" Description="" Author="cVargas" AuthorEmail="" CreatedDate="Thu Mar 19 21:52:58 VET 2020" UpdatedDate="Thu Mar 19 21:52:58 VET 2020" PackOutVersion="100" UpdateDictionary="true" Client="0-SYSTEM-System" AD_Client_UU="11237b53-9592-4af1-b3c5-afd216514b5d">
    <AD_Ref_List type="table">
        <AD_Client_ID>0</AD_Client_ID>
        <AD_Org_ID>0</AD_Org_ID>
        <Name>Cost of Freight</Name>
        <Description/>
        <AD_Reference_ID reference="id">183</AD_Reference_ID>
        <ValidFrom/>
        <ValidTo/>
        <Value>COF</Value>
        <IsActive>Y</IsActive>
        <EntityType>FTU01</EntityType>
        <AD_Ref_List_UU>3310c6a4-fa6b-4a44-bcf4-353b4feedec1</AD_Ref_List_UU>
        <AD_Ref_List_Trl type="translation">
            <Description/>
            <Name>Costo de Flete</Name>
            <AD_Language>es_CO</AD_Language>
            <IsActive>Y</IsActive>
            <IsTranslated>Y</IsTranslated>
        </AD_Ref_List_Trl>
    </AD_Ref_List>
</idempiere>
