<?xml version="1.0" encoding="UTF-8"?><idempiere Name="AD_WF_Node" Version="1.0.0" idempiereVersion="7.1.0.qualifier" DataBaseVersion="2019-11-22" Description="" Author="SuperUser" AuthorEmail="superuser @ idempiere.com" CreatedDate="Mon May 04 15:52:40 VET 2020" UpdatedDate="Mon May 04 15:52:40 VET 2020" PackOutVersion="100" UpdateDictionary="true" Client="1000000-CONSORCIO OLEAGINOSO PORTUGUESA, S.A.-CONSORCIO OLEAGINOSO PORTUGUESA, S.A." AD_Client_UU="b1343cba-641a-460f-ac29-4f09d6cc68ab">
    <AD_WF_Node type="table">
        <AD_Org_ID>0</AD_Org_ID>
        <Name>(DocPrepare)</Name>
        <Description>(Standard Node)</Description>
        <AD_Workflow_ID reference="uuid" reference-key="AD_Workflow">3f296ac5-b3ff-4eb9-a06b-235b099ce043</AD_Workflow_ID>
        <IsActive>Y</IsActive>
        <Help/>
        <Action>D</Action>
        <AD_Window_ID reference="id"/>
        <Workflow_ID reference="id"/>
        <AD_Task_ID reference="id"/>
        <AD_Process_ID reference="id"/>
        <AD_Form_ID reference="id"/>
        <IsCentrallyMaintained>Y</IsCentrallyMaintained>
        <YPosition>0</YPosition>
        <EntityType>FTU01</EntityType>
        <XPosition>0</XPosition>
        <Limit>0</Limit>
        <StartMode/>
        <AD_WF_Responsible_ID reference="id"/>
        <Duration>0</Duration>
        <SubflowExecution/>
        <Cost>0</Cost>
        <WaitingTime>0</WaitingTime>
        <WorkingTime>0</WorkingTime>
        <AD_WF_Block_ID reference="id"/>
        <Priority>0</Priority>
        <FinishMode/>
        <JoinElement>X</JoinElement>
        <SplitElement>X</SplitElement>
        <AD_Image_ID reference="id"/>
        <AD_Column_ID reference="id"/>
        <WaitTime>0</WaitTime>
        <AttributeValue/>
        <AttributeName/>
        <DocAction>PR</DocAction>
        <Value>(DocPrepare)</Value>
        <DynPriorityUnit/>
        <DynPriorityChange>0</DynPriorityChange>
        <EMailRecipient/>
        <EMail/>
        <R_MailText_ID reference="id"/>
        <ValidTo/>
        <IsMilestone>N</IsMilestone>
        <IsSubcontracting>N</IsSubcontracting>
        <UnitsCycles>0</UnitsCycles>
        <MovingTime/>
        <OverlapUnits>0</OverlapUnits>
        <C_BPartner_ID reference="id"/>
        <QueuingTime/>
        <S_Resource_ID reference="id"/>
        <SetupTime/>
        <ValidFrom/>
        <Yield>100</Yield>
        <AD_WF_Node_UU>62c5fbc9-2c4b-4bd1-a7c5-170d87e66011</AD_WF_Node_UU>
        <AD_CtxHelp_ID reference="id"/>
        <AD_InfoWindow_ID reference="id">200000</AD_InfoWindow_ID>
        <IsApproved/>
        <AD_WF_Node_Trl type="translation">
            <Description>(Standard Node)</Description>
            <Name>(DocPrepare)</Name>
            <Help/>
            <AD_Language>es_CO</AD_Language>
            <IsActive>Y</IsActive>
            <IsTranslated>N</IsTranslated>
        </AD_WF_Node_Trl>
        <AD_WF_Node_Trl type="translation">
            <Description>(Standard Node)</Description>
            <Name>(DocPrepare)</Name>
            <Help/>
            <AD_Language>es_VE</AD_Language>
            <IsActive>Y</IsActive>
            <IsTranslated>N</IsTranslated>
        </AD_WF_Node_Trl>
    </AD_WF_Node>
    <AD_WF_NodeNext type="table">
        <AD_Org_ID>0</AD_Org_ID>
        <AD_WF_Node_ID reference="uuid" reference-key="AD_WF_Node">62c5fbc9-2c4b-4bd1-a7c5-170d87e66011</AD_WF_Node_ID>
        <IsActive>Y</IsActive>
        <AD_WF_Next_ID reference="uuid" reference-key="AD_WF_Node">a905e647-c426-4b0e-9c49-da05cd72402f</AD_WF_Next_ID>
        <TransitionCode/>
        <EntityType>FTU01</EntityType>
        <SeqNo>10</SeqNo>
        <Description/>
        <IsStdUserWorkflow>N</IsStdUserWorkflow>
        <AD_WF_NodeNext_UU>ecb371e3-da18-4e25-89b4-4978ad6dfbf7</AD_WF_NodeNext_UU>
    </AD_WF_NodeNext>
    <AD_WF_NextCondition type="table">
        <AD_Org_ID>0</AD_Org_ID>
        <AndOr>O</AndOr>
        <Operation>==</Operation>
        <AD_WF_NodeNext_ID reference="uuid" reference-key="AD_WF_NodeNext">ecb371e3-da18-4e25-89b4-4978ad6dfbf7</AD_WF_NodeNext_ID>
        <SeqNo>10</SeqNo>
        <Value>Y</Value>
        <IsActive>Y</IsActive>
        <Value2/>
        <EntityType>FTU01</EntityType>
        <AD_Column_ID reference="uuid" reference-key="AD_Column">e41b1a5a-85f9-41b7-9250-5fe6f87bd7e5</AD_Column_ID>
        <AD_WF_NextCondition_UU>e77c93c1-4dab-4e4b-86ae-81af4026bba9</AD_WF_NextCondition_UU>
    </AD_WF_NextCondition>
    <AD_WF_NodeNext type="table">
        <AD_Org_ID>0</AD_Org_ID>
        <AD_WF_Node_ID reference="uuid" reference-key="AD_WF_Node">62c5fbc9-2c4b-4bd1-a7c5-170d87e66011</AD_WF_Node_ID>
        <IsActive>Y</IsActive>
        <AD_WF_Next_ID reference="uuid" reference-key="AD_WF_Node">a905e647-c426-4b0e-9c49-da05cd72402f</AD_WF_Next_ID>
        <TransitionCode/>
        <EntityType>FTU01</EntityType>
        <SeqNo>20</SeqNo>
        <Description/>
        <IsStdUserWorkflow>N</IsStdUserWorkflow>
        <AD_WF_NodeNext_UU>6e37f740-3dcc-41e4-8e9d-18d868f607d9</AD_WF_NodeNext_UU>
    </AD_WF_NodeNext>
    <AD_WF_NextCondition type="table">
        <AD_Org_ID>0</AD_Org_ID>
        <AndOr>A</AndOr>
        <Operation>==</Operation>
        <AD_WF_NodeNext_ID reference="uuid" reference-key="AD_WF_NodeNext">6e37f740-3dcc-41e4-8e9d-18d868f607d9</AD_WF_NodeNext_ID>
        <SeqNo>10</SeqNo>
        <Value>Y</Value>
        <IsActive>Y</IsActive>
        <Value2/>
        <EntityType>FTU01</EntityType>
        <AD_Column_ID reference="uuid" reference-key="AD_Column">6296ce31-db3b-4e99-8f5a-33479e0f01ad</AD_Column_ID>
        <AD_WF_NextCondition_UU>069c88b1-1206-4804-9680-244bec4458ba</AD_WF_NextCondition_UU>
    </AD_WF_NextCondition>
</idempiere>
