<?xml version="1.0" encoding="UTF-8"?><idempiere Name="AD_Rule" Version="1.0.0" idempiereVersion="7.1.0.qualifier" DataBaseVersion="2019-11-22" Description="" Author="cVargas" AuthorEmail="" CreatedDate="Fri Oct 30 08:09:46 VET 2020" UpdatedDate="Fri Oct 30 08:09:46 VET 2020" PackOutVersion="100" UpdateDictionary="true" Client="0-SYSTEM-System" AD_Client_UU="11237b53-9592-4af1-b3c5-afd216514b5d">
    <AD_Rule type="table">
        <AD_Client_ID>0</AD_Client_ID>
        <AD_Org_ID>0</AD_Org_ID>
        <Description/>
        <Help/>
        <IsActive>Y</IsActive>
        <Name>beanshell:SetProduct</Name>
        <Value>beanshell:SetProduct</Value>
        <EntityType>FTU</EntityType>
        <RuleType>S</RuleType>
        <EventType>C</EventType>
        <AccessLevel/>
        <Script>import org.eevolution.model.MDDOrderLine;

if(A_Tab.getValue("DD_OrderLine_ID") != null){

	MDDOrderLine OrderLine = new MDDOrderLine (A_Ctx, A_Tab.getValue("DD_Order_ID"), null);	

		A_Tab.setValue("M_Product_ID", OrderLine.getM_Product_ID());
}

result = "";</Script>
        <AD_Rule_UU>3fd5e771-9084-429a-9739-8e196d6b04de</AD_Rule_UU>
    </AD_Rule>
</idempiere>
