<?xml version="1.0" encoding="UTF-8"?><idempiere Name="AD_Process_Para" Version="1.0.0" idempiereVersion="7.1.0.202108132303" DataBaseVersion="2019-11-22" Description="" Author="dCastillo" AuthorEmail="" CreatedDate="Thu Sep 02 15:24:47 VET 2021" UpdatedDate="Thu Sep 02 15:24:47 VET 2021" PackOutVersion="100" UpdateDictionary="true" Client="0-SYSTEM-System" AD_Client_UU="11237b53-9592-4af1-b3c5-afd216514b5d">
    <AD_Element type="table">
        <AD_Element_ID>1581</AD_Element_ID>
        <AD_Client_ID>0</AD_Client_ID>
        <AD_Org_ID>0</AD_Org_ID>
        <AD_Element_ID>1581</AD_Element_ID>
        <IsActive>Y</IsActive>
        <ColumnName>DateFrom</ColumnName>
        <Name>Date From</Name>
        <Description>Starting date for a range</Description>
        <Help>The Date From indicates the starting date of a range.</Help>
        <PrintName>Date From</PrintName>
        <PO_Description/>
        <PO_Help/>
        <PO_Name/>
        <PO_PrintName/>
        <EntityType>D</EntityType>
        <AD_Element_UU>3dcb9728-0a7c-4700-bbce-ffef94ea6b96</AD_Element_UU>
        <Placeholder/>
        <AD_Element_Trl type="translation">
            <Description>Fecha de inicio para un rango</Description>
            <Help>La Fecha desde indica la fecha inicial de un rango</Help>
            <Name>Desde Fecha</Name>
            <Placeholder/>
            <PO_Description/>
            <PO_Help/>
            <PO_Name/>
            <PO_PrintName/>
            <PrintName>Desde Fecha</PrintName>
            <AD_Language>es_CO</AD_Language>
            <IsActive>Y</IsActive>
            <IsTranslated>Y</IsTranslated>
        </AD_Element_Trl>
        <AD_Element_Trl type="translation">
            <Description>Starting date for a range</Description>
            <Help>The Date From indicates the starting date of a range.</Help>
            <Name>Desde Fecha</Name>
            <Placeholder/>
            <PO_Description/>
            <PO_Help/>
            <PO_Name/>
            <PO_PrintName/>
            <PrintName>Desde Fecha</PrintName>
            <AD_Language>es_VE</AD_Language>
            <IsActive>Y</IsActive>
            <IsTranslated>N</IsTranslated>
        </AD_Element_Trl>
    </AD_Element>
    <AD_Process_Para type="table">
        <AD_Client_ID>0</AD_Client_ID>
        <AD_Org_ID>0</AD_Org_ID>
        <IsActive>Y</IsActive>
        <Name>Date From</Name>
        <Description>Starting date for a range</Description>
        <Help>The Date From indicates the starting date of a range.</Help>
        <AD_Process_ID reference="uuid" reference-key="AD_Process">9cd9f3ef-acf8-4762-97f1-e750af607508</AD_Process_ID>
        <SeqNo>30</SeqNo>
        <AD_Reference_ID reference="id">15</AD_Reference_ID>
        <AD_Reference_Value_ID reference="id"/>
        <IsRange>N</IsRange>
        <AD_Val_Rule_ID reference="id"/>
        <FieldLength>0</FieldLength>
        <IsMandatory>Y</IsMandatory>
        <DefaultValue/>
        <VFormat/>
        <ValueMin/>
        <ValueMax/>
        <ColumnName>DateFrom</ColumnName>
        <DefaultValue2/>
        <IsCentrallyMaintained>Y</IsCentrallyMaintained>
        <EntityType>FTU</EntityType>
        <AD_Element_ID reference="id">1581</AD_Element_ID>
        <ReadOnlyLogic/>
        <DisplayLogic/>
        <AD_Process_Para_UU>7f2bceb6-1cc1-4fa7-9570-1ed33b3dfdd7</AD_Process_Para_UU>
        <IsEncrypted>N</IsEncrypted>
        <MandatoryLogic/>
        <Placeholder/>
        <Placeholder2/>
        <AD_Process_Para_Trl type="translation">
            <Description>Fecha Conversión</Description>
            <Help>Fecha Conversión</Help>
            <Name>Fecha Conversión</Name>
            <Placeholder/>
            <Placeholder2/>
            <AD_Language>es_CO</AD_Language>
            <IsActive>Y</IsActive>
            <IsTranslated>N</IsTranslated>
        </AD_Process_Para_Trl>
        <AD_Process_Para_Trl type="translation">
            <Description>Fecha Conversión</Description>
            <Help>Fecha Conversión</Help>
            <Name>Fecha Conversión</Name>
            <Placeholder/>
            <Placeholder2/>
            <AD_Language>es_VE</AD_Language>
            <IsActive>Y</IsActive>
            <IsTranslated>N</IsTranslated>
        </AD_Process_Para_Trl>
    </AD_Process_Para>
</idempiere>
