<?xml version="1.0" encoding="UTF-8"?><idempiere Name="AD_Message" Version="1.0.0" idempiereVersion="7.1.0.202010111457" DataBaseVersion="2019-11-22" Description="" Author="jColmenarez" AuthorEmail="" CreatedDate="Tue Jun 15 13:47:47 VET 2021" UpdatedDate="Tue Jun 15 13:47:47 VET 2021" PackOutVersion="100" UpdateDictionary="true" Client="0-SYSTEM-System" AD_Client_UU="11237b53-9592-4af1-b3c5-afd216514b5d">
    <AD_Message type="table">
        <AD_Client_ID>0</AD_Client_ID>
        <AD_Org_ID>0</AD_Org_ID>
        <MsgType>E</MsgType>
        <MsgText>There is a full freight cost already associated</MsgText>
        <MsgTip/>
        <IsActive>Y</IsActive>
        <Value>FTU_MsgExistsFreightCostCompleted</Value>
        <EntityType>FTU01</EntityType>
        <AD_Message_UU>06870ce6-4c23-4aeb-8e37-782333053bf9</AD_Message_UU>
        <AD_Message_Trl type="translation">
            <MsgText>Existe un costo de flete completo ya asociado</MsgText>
            <MsgTip/>
            <AD_Language>es_CO</AD_Language>
            <IsActive>Y</IsActive>
            <IsTranslated>N</IsTranslated>
        </AD_Message_Trl>
        <AD_Message_Trl type="translation">
            <MsgText>Existe un costo de flete completo ya asociado</MsgText>
            <MsgTip/>
            <AD_Language>es_VE</AD_Language>
            <IsActive>Y</IsActive>
            <IsTranslated>N</IsTranslated>
        </AD_Message_Trl>
    </AD_Message>
    <AD_Message type="table">
        <AD_Client_ID>0</AD_Client_ID>
        <AD_Org_ID>0</AD_Org_ID>
        <MsgType>E</MsgType>
        <MsgText>It is mandatory that the loading order has a generated delivery.</MsgText>
        <MsgTip/>
        <IsActive>Y</IsActive>
        <Value>FTU_MsgRequiredIsDelivered</Value>
        <EntityType>FTU01</EntityType>
        <AD_Message_UU>7fa00a9d-4f55-4201-8b18-9dd7944ecab7</AD_Message_UU>
        <AD_Message_Trl type="translation">
            <MsgText>Es obligatorio que la orden de carga tenga una entrega generada.</MsgText>
            <MsgTip/>
            <AD_Language>es_CO</AD_Language>
            <IsActive>Y</IsActive>
            <IsTranslated>N</IsTranslated>
        </AD_Message_Trl>
        <AD_Message_Trl type="translation">
            <MsgText>Es obligatorio que la orden de carga tenga una entrega generada.</MsgText>
            <MsgTip/>
            <AD_Language>es_VE</AD_Language>
            <IsActive>Y</IsActive>
            <IsTranslated>N</IsTranslated>
        </AD_Message_Trl>
    </AD_Message>
    <AD_Message type="table">
        <AD_Client_ID>0</AD_Client_ID>
        <AD_Org_ID>0</AD_Org_ID>
        <MsgType>E</MsgType>
        <MsgText>It is mandatory that the load order has a generated invoice.</MsgText>
        <MsgTip/>
        <IsActive>Y</IsActive>
        <Value>FTU_MsgRequiredIsInvoiced</Value>
        <EntityType>FTU01</EntityType>
        <AD_Message_UU>a9a1ca71-4df5-40ec-96f0-cdf1fb301922</AD_Message_UU>
        <AD_Message_Trl type="translation">
            <MsgText>Es obligatorio que la orden de carga tenga una factura generada.</MsgText>
            <MsgTip/>
            <AD_Language>es_CO</AD_Language>
            <IsActive>Y</IsActive>
            <IsTranslated>N</IsTranslated>
        </AD_Message_Trl>
        <AD_Message_Trl type="translation">
            <MsgText>Es obligatorio que la orden de carga tenga una factura generada.</MsgText>
            <MsgTip/>
            <AD_Language>es_VE</AD_Language>
            <IsActive>Y</IsActive>
            <IsTranslated>N</IsTranslated>
        </AD_Message_Trl>
    </AD_Message>
</idempiere>
