<?xml version="1.0" encoding="UTF-8"?><idempiere Name="RecordWeight" Version="1.0" idempiereVersion="" DataBaseVersion="" Description="" Author="" AuthorEmail="cvargas@frontuari.net" CreatedDate="2020-10-30 07:55:46.336" UpdatedDate="2020-10-30 07:57:58.168" PackOutVersion="100" UpdateDictionary="false" Client="0-SYSTEM-System" AD_Client_UU="11237b53-9592-4af1-b3c5-afd216514b5d">
    <AD_Column type="table">
        <IsSyncDatabase>Y</IsSyncDatabase>
        <AD_Table_ID reference="uuid" reference-key="AD_Table">9204bdbe-43d2-45e2-82a9-ee7b48990bca</AD_Table_ID>
        <AD_Reference_Value_ID reference="id"/>
        <AD_Client_ID>0</AD_Client_ID>
        <AD_Org_ID>0</AD_Org_ID>
        <Version>0.0</Version>
        <Name>Sales Order Line</Name>
        <Description>Sales Order Line</Description>
        <Help>The Sales Order Line is a unique identifier for a line in an order.</Help>
        <AD_Val_Rule_ID reference="uuid" reference-key="AD_Val_Rule">c4394566-c2f5-4c63-af68-21de299a2762</AD_Val_Rule_ID>
        <ColumnName>C_OrderLine_ID</ColumnName>
        <DefaultValue/>
        <FieldLength>10</FieldLength>
        <IsKey>N</IsKey>
        <IsParent>N</IsParent>
        <IsMandatory>N</IsMandatory>
        <IsTranslated>N</IsTranslated>
        <IsIdentifier>N</IsIdentifier>
        <SeqNo/>
        <IsEncrypted>N</IsEncrypted>
        <AD_Reference_ID reference="id">19</AD_Reference_ID>
        <IsActive>Y</IsActive>
        <VFormat/>
        <Callout/>
        <AD_Element_ID reference="id">561</AD_Element_ID>
        <IsUpdateable>Y</IsUpdateable>
        <AD_Process_ID reference="id"/>
        <ValueMin/>
        <ValueMax/>
        <IsSelectionColumn>N</IsSelectionColumn>
        <ReadOnlyLogic/>
        <EntityType>FTU01</EntityType>
        <IsAlwaysUpdateable>N</IsAlwaysUpdateable>
        <ColumnSQL/>
        <MandatoryLogic>@OperationType@='PBR'</MandatoryLogic>
        <IsAutocomplete>N</IsAutocomplete>
        <IsAllowLogging>Y</IsAllowLogging>
        <FormatPattern/>
        <AD_Chart_ID reference="id"/>
        <AD_Column_UU>12e7c481-9646-4992-a592-b863d1e77923</AD_Column_UU>
        <IsAllowCopy>Y</IsAllowCopy>
        <SeqNoSelection/>
        <IsToolbarButton>N</IsToolbarButton>
        <IsSecure>N</IsSecure>
        <FKConstraintName>COrderLine_FTUEntryTicket</FKConstraintName>
        <FKConstraintType>N</FKConstraintType>
        <PA_DashboardContent_ID reference="id"/>
        <Placeholder/>
        <IsHtml>N</IsHtml>
    </AD_Column>
    <AD_Val_Rule type="table">
        <AD_Client_ID>0</AD_Client_ID>
        <AD_Org_ID>0</AD_Org_ID>
        <Name>getDDOrderCompleted</Name>
        <Description/>
        <Type>S</Type>
        <Code>DD_Order.DocStatus = 'CO' AND (SELECT COUNT(*) FROM DD_OrderLine WHERE DD_OrderLine.DD_Order_ID = DD_Order.DD_Order_ID AND DD_OrderLine.QtyEntered &gt; DD_OrderLine.QtyDelivered) &gt; 0</Code>
        <IsActive>Y</IsActive>
        <EntityType>FTU</EntityType>
        <AD_Val_Rule_UU>d8ba4bd1-1d67-4a58-94d4-2bcd70cff61a</AD_Val_Rule_UU>
    </AD_Val_Rule>
    <AD_Column type="table">
        <IsSyncDatabase>Y</IsSyncDatabase>
        <AD_Table_ID reference="uuid" reference-key="AD_Table">9204bdbe-43d2-45e2-82a9-ee7b48990bca</AD_Table_ID>
        <AD_Reference_Value_ID reference="id"/>
        <AD_Client_ID>0</AD_Client_ID>
        <AD_Org_ID>0</AD_Org_ID>
        <Version>0</Version>
        <Name>Distribution Order</Name>
        <Description/>
        <Help/>
        <AD_Val_Rule_ID reference="uuid" reference-key="AD_Val_Rule">d8ba4bd1-1d67-4a58-94d4-2bcd70cff61a</AD_Val_Rule_ID>
        <ColumnName>DD_Order_ID</ColumnName>
        <DefaultValue/>
        <FieldLength>10</FieldLength>
        <IsKey>N</IsKey>
        <IsParent>N</IsParent>
        <IsMandatory>N</IsMandatory>
        <IsTranslated>N</IsTranslated>
        <IsIdentifier>N</IsIdentifier>
        <SeqNo>0</SeqNo>
        <IsEncrypted>N</IsEncrypted>
        <AD_Reference_ID reference="id">30</AD_Reference_ID>
        <IsActive>Y</IsActive>
        <VFormat/>
        <Callout>@script:beanshell:SetBPartner</Callout>
        <AD_Element_ID reference="id">53311</AD_Element_ID>
        <IsUpdateable>N</IsUpdateable>
        <AD_Process_ID reference="id"/>
        <ValueMin/>
        <ValueMax/>
        <IsSelectionColumn>N</IsSelectionColumn>
        <ReadOnlyLogic/>
        <EntityType>FTU</EntityType>
        <IsAlwaysUpdateable>N</IsAlwaysUpdateable>
        <ColumnSQL/>
        <MandatoryLogic/>
        <IsAutocomplete>N</IsAutocomplete>
        <IsAllowLogging>Y</IsAllowLogging>
        <FormatPattern/>
        <AD_Chart_ID reference="id"/>
        <AD_Column_UU>bf8e88d0-cbd7-48b3-abab-1768377bdb1e</AD_Column_UU>
        <IsAllowCopy>Y</IsAllowCopy>
        <SeqNoSelection>0</SeqNoSelection>
        <IsToolbarButton>N</IsToolbarButton>
        <IsSecure>N</IsSecure>
        <FKConstraintName>DDOrder_FTUEntryTicket</FKConstraintName>
        <FKConstraintType>N</FKConstraintType>
        <PA_DashboardContent_ID reference="id"/>
        <Placeholder/>
        <IsHtml>N</IsHtml>
    </AD_Column>
    <AD_Val_Rule type="table">
        <AD_Client_ID>0</AD_Client_ID>
        <AD_Org_ID>0</AD_Org_ID>
        <Name>getFromDD_Order_ID</Name>
        <Description/>
        <Type>S</Type>
        <Code>DD_OrderLine.DD_Order_ID = @DD_Order_ID@ AND DD_OrderLine.QtyEntered &gt; DD_OrderLine.QtyDelivered</Code>
        <IsActive>Y</IsActive>
        <EntityType>FTU</EntityType>
        <AD_Val_Rule_UU>bc4d5bae-e26f-4ffc-82b2-24d40a494270</AD_Val_Rule_UU>
    </AD_Val_Rule>
    <AD_Column type="table">
        <IsSyncDatabase>Y</IsSyncDatabase>
        <AD_Table_ID reference="uuid" reference-key="AD_Table">9204bdbe-43d2-45e2-82a9-ee7b48990bca</AD_Table_ID>
        <AD_Reference_Value_ID reference="id"/>
        <AD_Client_ID>0</AD_Client_ID>
        <AD_Org_ID>0</AD_Org_ID>
        <Version>0</Version>
        <Name>Distribution Order Line</Name>
        <Description/>
        <Help/>
        <AD_Val_Rule_ID reference="uuid" reference-key="AD_Val_Rule">bc4d5bae-e26f-4ffc-82b2-24d40a494270</AD_Val_Rule_ID>
        <ColumnName>DD_OrderLine_ID</ColumnName>
        <DefaultValue/>
        <FieldLength>10</FieldLength>
        <IsKey>N</IsKey>
        <IsParent>N</IsParent>
        <IsMandatory>N</IsMandatory>
        <IsTranslated>N</IsTranslated>
        <IsIdentifier>N</IsIdentifier>
        <SeqNo>0</SeqNo>
        <IsEncrypted>N</IsEncrypted>
        <AD_Reference_ID reference="id">19</AD_Reference_ID>
        <IsActive>Y</IsActive>
        <VFormat/>
        <Callout>@script:beanshell:SetProduct</Callout>
        <AD_Element_ID reference="id">53313</AD_Element_ID>
        <IsUpdateable>N</IsUpdateable>
        <AD_Process_ID reference="id"/>
        <ValueMin/>
        <ValueMax/>
        <IsSelectionColumn>N</IsSelectionColumn>
        <ReadOnlyLogic/>
        <EntityType>FTU</EntityType>
        <IsAlwaysUpdateable>N</IsAlwaysUpdateable>
        <ColumnSQL/>
        <MandatoryLogic/>
        <IsAutocomplete>N</IsAutocomplete>
        <IsAllowLogging>Y</IsAllowLogging>
        <FormatPattern/>
        <AD_Chart_ID reference="id"/>
        <AD_Column_UU>9153ae1e-946b-4e31-95fc-533838df6d2a</AD_Column_UU>
        <IsAllowCopy>Y</IsAllowCopy>
        <SeqNoSelection>0</SeqNoSelection>
        <IsToolbarButton>N</IsToolbarButton>
        <IsSecure>N</IsSecure>
        <FKConstraintName>DDOrderLine_FTUEntryTicket</FKConstraintName>
        <FKConstraintType>N</FKConstraintType>
        <PA_DashboardContent_ID reference="id"/>
        <Placeholder/>
        <IsHtml>N</IsHtml>
    </AD_Column>
    <AD_Field type="table">
        <AD_Client_ID>0</AD_Client_ID>
        <AD_Org_ID>0</AD_Org_ID>
        <Name>Order</Name>
        <Description>Order</Description>
        <Help>The Order is a control document.  The  Order is complete when the quantity ordered is the same as the quantity shipped and invoiced.  When you close an order, unshipped (backordered) quantities are cancelled.</Help>
        <AD_Tab_ID reference="uuid" reference-key="AD_Tab">35f908e5-e227-4404-bef0-75af142ca0ea</AD_Tab_ID>
        <AD_Column_ID reference="uuid" reference-key="AD_Column">7258b352-0fee-44bf-9442-6798a1275b97</AD_Column_ID>
        <IsDisplayed>Y</IsDisplayed>
        <DisplayLogic>@OperationType@ = 'PBR'  | @OperationType@ = 'RMP' | @OperationType@ = 'RMR'</DisplayLogic>
        <DisplayLength>10</DisplayLength>
        <SeqNo>150</SeqNo>
        <SortNo/>
        <IsSameLine>N</IsSameLine>
        <IsHeading>N</IsHeading>
        <IsFieldOnly>N</IsFieldOnly>
        <IsEncrypted>N</IsEncrypted>
        <IsActive>Y</IsActive>
        <IsReadOnly>N</IsReadOnly>
        <IsCentrallyMaintained>Y</IsCentrallyMaintained>
        <AD_FieldGroup_ID reference="id"/>
        <EntityType>FTU01</EntityType>
        <ObscureType/>
        <AD_Reference_ID reference="id"/>
        <IsMandatory/>
        <DefaultValue/>
        <AD_Reference_Value_ID reference="id"/>
        <AD_Val_Rule_ID reference="id"/>
        <Included_Tab_ID reference="id"/>
        <AD_Field_UU>1b5120e6-f789-4d21-9bcc-a8a7e72e06e7</AD_Field_UU>
        <IsAllowCopy/>
        <IsDisplayedGrid>Y</IsDisplayedGrid>
        <SeqNoGrid>50</SeqNoGrid>
        <XPosition>1</XPosition>
        <ColumnSpan>2</ColumnSpan>
        <NumLines>1</NumLines>
        <IsQuickEntry>N</IsQuickEntry>
        <IsUpdateable/>
        <IsAlwaysUpdateable/>
        <MandatoryLogic>@DD_Order_ID@ = 0</MandatoryLogic>
        <ReadOnlyLogic/>
        <IsToolbarButton/>
        <IsDefaultFocus>N</IsDefaultFocus>
        <IsAdvancedField>N</IsAdvancedField>
        <VFormat/>
        <AD_LabelStyle_ID reference="id"/>
        <AD_FieldStyle_ID reference="id"/>
        <Placeholder/>
        <AD_Field_Trl type="translation">
            <Help>La ID de la orden de ventas es un identificador único de la orden de ventas; Ésta es controlada por la secuencia del documento para este tipo de documento.</Help>
            <Description>Orden de Venta</Description>
            <Name>Orden de Venta</Name>
            <Placeholder/>
            <AD_Language>es_CO</AD_Language>
            <IsActive>Y</IsActive>
            <IsTranslated>Y</IsTranslated>
        </AD_Field_Trl>
        <AD_Field_Trl type="translation">
            <Help>La ID de la orden de ventas es un identificador único de la orden de ventas; Ésta es controlada por la secuencia del documento para este tipo de documento.</Help>
            <Description>Orden de Venta</Description>
            <Name>Orden de Venta</Name>
            <Placeholder/>
            <AD_Language>es_VE</AD_Language>
            <IsActive>Y</IsActive>
            <IsTranslated>Y</IsTranslated>
        </AD_Field_Trl>
    </AD_Field>
    <AD_Field type="table">
        <AD_Client_ID>0</AD_Client_ID>
        <AD_Org_ID>0</AD_Org_ID>
        <Name>Sales Order Line</Name>
        <Description>Sales Order Line</Description>
        <Help>The Sales Order Line is a unique identifier for a line in an order.</Help>
        <AD_Tab_ID reference="uuid" reference-key="AD_Tab">35f908e5-e227-4404-bef0-75af142ca0ea</AD_Tab_ID>
        <AD_Column_ID reference="uuid" reference-key="AD_Column">12e7c481-9646-4992-a592-b863d1e77923</AD_Column_ID>
        <IsDisplayed>Y</IsDisplayed>
        <DisplayLogic>@OperationType@='PBR' | @OperationType@='RMR'</DisplayLogic>
        <DisplayLength>10</DisplayLength>
        <SeqNo>160</SeqNo>
        <SortNo/>
        <IsSameLine>N</IsSameLine>
        <IsHeading>N</IsHeading>
        <IsFieldOnly>N</IsFieldOnly>
        <IsEncrypted>N</IsEncrypted>
        <IsActive>Y</IsActive>
        <IsReadOnly>N</IsReadOnly>
        <IsCentrallyMaintained>Y</IsCentrallyMaintained>
        <AD_FieldGroup_ID reference="id"/>
        <EntityType>FTU01</EntityType>
        <ObscureType/>
        <AD_Reference_ID reference="id"/>
        <IsMandatory/>
        <DefaultValue/>
        <AD_Reference_Value_ID reference="id"/>
        <AD_Val_Rule_ID reference="id"/>
        <Included_Tab_ID reference="id"/>
        <AD_Field_UU>fda28929-6743-4d57-8cfe-5d1309b04417</AD_Field_UU>
        <IsAllowCopy/>
        <IsDisplayedGrid>Y</IsDisplayedGrid>
        <SeqNoGrid>60</SeqNoGrid>
        <XPosition>4</XPosition>
        <ColumnSpan>2</ColumnSpan>
        <NumLines>1</NumLines>
        <IsQuickEntry>N</IsQuickEntry>
        <IsUpdateable/>
        <IsAlwaysUpdateable/>
        <MandatoryLogic>@OperationType@='RMR' &amp; @C_Order_ID@!0</MandatoryLogic>
        <ReadOnlyLogic/>
        <IsToolbarButton/>
        <IsDefaultFocus>N</IsDefaultFocus>
        <IsAdvancedField>N</IsAdvancedField>
        <VFormat/>
        <AD_LabelStyle_ID reference="id"/>
        <AD_FieldStyle_ID reference="id"/>
        <Placeholder/>
        <AD_Field_Trl type="translation">
            <Help>La línea de orden de venta es un identificador único para una línea en una orden.</Help>
            <Description>Línea de orden de venta</Description>
            <Name>Línea Orden de Venta</Name>
            <Placeholder/>
            <AD_Language>es_CO</AD_Language>
            <IsActive>Y</IsActive>
            <IsTranslated>Y</IsTranslated>
        </AD_Field_Trl>
        <AD_Field_Trl type="translation">
            <Help>The Sales Order Line is a unique identifier for a line in an order.</Help>
            <Description>Sales Order Line</Description>
            <Name>Línea Orden de Venta</Name>
            <Placeholder/>
            <AD_Language>es_VE</AD_Language>
            <IsActive>Y</IsActive>
            <IsTranslated>N</IsTranslated>
        </AD_Field_Trl>
    </AD_Field>
    <AD_Field type="table">
        <AD_Client_ID>0</AD_Client_ID>
        <AD_Org_ID>0</AD_Org_ID>
        <Name>Distribution Order</Name>
        <Description/>
        <Help/>
        <AD_Tab_ID reference="uuid" reference-key="AD_Tab">35f908e5-e227-4404-bef0-75af142ca0ea</AD_Tab_ID>
        <AD_Column_ID reference="uuid" reference-key="AD_Column">bf8e88d0-cbd7-48b3-abab-1768377bdb1e</AD_Column_ID>
        <IsDisplayed>Y</IsDisplayed>
        <DisplayLogic>@OperationType@='RMR' &amp; @C_Order_ID@=0</DisplayLogic>
        <DisplayLength>10</DisplayLength>
        <SeqNo>170</SeqNo>
        <SortNo/>
        <IsSameLine>N</IsSameLine>
        <IsHeading>N</IsHeading>
        <IsFieldOnly>N</IsFieldOnly>
        <IsEncrypted>N</IsEncrypted>
        <IsActive>Y</IsActive>
        <IsReadOnly>N</IsReadOnly>
        <IsCentrallyMaintained>Y</IsCentrallyMaintained>
        <AD_FieldGroup_ID reference="id"/>
        <EntityType>FTU</EntityType>
        <ObscureType/>
        <AD_Reference_ID reference="id"/>
        <IsMandatory/>
        <DefaultValue/>
        <AD_Reference_Value_ID reference="id"/>
        <AD_Val_Rule_ID reference="id"/>
        <Included_Tab_ID reference="id"/>
        <AD_Field_UU>c5421848-b6f5-41d7-8521-18143cf7ff95</AD_Field_UU>
        <IsAllowCopy/>
        <IsDisplayedGrid>Y</IsDisplayedGrid>
        <SeqNoGrid>320</SeqNoGrid>
        <XPosition>1</XPosition>
        <ColumnSpan>2</ColumnSpan>
        <NumLines>1</NumLines>
        <IsQuickEntry>N</IsQuickEntry>
        <IsUpdateable/>
        <IsAlwaysUpdateable/>
        <MandatoryLogic>@C_Order_ID@=0</MandatoryLogic>
        <ReadOnlyLogic/>
        <IsToolbarButton/>
        <IsDefaultFocus>N</IsDefaultFocus>
        <IsAdvancedField>N</IsAdvancedField>
        <VFormat/>
        <AD_LabelStyle_ID reference="id"/>
        <AD_FieldStyle_ID reference="id"/>
        <Placeholder/>
        <AD_Field_Trl type="translation">
            <Help/>
            <Description/>
            <Name>Orden Distribución</Name>
            <Placeholder/>
            <AD_Language>es_CO</AD_Language>
            <IsActive>Y</IsActive>
            <IsTranslated>Y</IsTranslated>
        </AD_Field_Trl>
        <AD_Field_Trl type="translation">
            <Help/>
            <Description/>
            <Name>Distribution Order</Name>
            <Placeholder/>
            <AD_Language>es_VE</AD_Language>
            <IsActive>Y</IsActive>
            <IsTranslated>N</IsTranslated>
        </AD_Field_Trl>
    </AD_Field>
    <AD_Field type="table">
        <AD_Client_ID>0</AD_Client_ID>
        <AD_Org_ID>0</AD_Org_ID>
        <Name>Distribution Order Line</Name>
        <Description/>
        <Help/>
        <AD_Tab_ID reference="uuid" reference-key="AD_Tab">35f908e5-e227-4404-bef0-75af142ca0ea</AD_Tab_ID>
        <AD_Column_ID reference="uuid" reference-key="AD_Column">9153ae1e-946b-4e31-95fc-533838df6d2a</AD_Column_ID>
        <IsDisplayed>Y</IsDisplayed>
        <DisplayLogic>@OperationType@='RMR'</DisplayLogic>
        <DisplayLength>10</DisplayLength>
        <SeqNo>180</SeqNo>
        <SortNo/>
        <IsSameLine>N</IsSameLine>
        <IsHeading>N</IsHeading>
        <IsFieldOnly>N</IsFieldOnly>
        <IsEncrypted>N</IsEncrypted>
        <IsActive>Y</IsActive>
        <IsReadOnly>N</IsReadOnly>
        <IsCentrallyMaintained>Y</IsCentrallyMaintained>
        <AD_FieldGroup_ID reference="id"/>
        <EntityType>FTU</EntityType>
        <ObscureType/>
        <AD_Reference_ID reference="id"/>
        <IsMandatory/>
        <DefaultValue/>
        <AD_Reference_Value_ID reference="id"/>
        <AD_Val_Rule_ID reference="id"/>
        <Included_Tab_ID reference="id"/>
        <AD_Field_UU>3be7a4a9-3627-4b13-a608-85a2521e127f</AD_Field_UU>
        <IsAllowCopy/>
        <IsDisplayedGrid>Y</IsDisplayedGrid>
        <SeqNoGrid>330</SeqNoGrid>
        <XPosition>4</XPosition>
        <ColumnSpan>2</ColumnSpan>
        <NumLines>1</NumLines>
        <IsQuickEntry>N</IsQuickEntry>
        <IsUpdateable/>
        <IsAlwaysUpdateable/>
        <MandatoryLogic/>
        <ReadOnlyLogic/>
        <IsToolbarButton/>
        <IsDefaultFocus>N</IsDefaultFocus>
        <IsAdvancedField>N</IsAdvancedField>
        <VFormat/>
        <AD_LabelStyle_ID reference="id"/>
        <AD_FieldStyle_ID reference="id"/>
        <Placeholder/>
        <AD_Field_Trl type="translation">
            <Help/>
            <Description/>
            <Name>Línea Orden Distribución</Name>
            <Placeholder/>
            <AD_Language>es_CO</AD_Language>
            <IsActive>Y</IsActive>
            <IsTranslated>Y</IsTranslated>
        </AD_Field_Trl>
        <AD_Field_Trl type="translation">
            <Help/>
            <Description/>
            <Name>Distribution Order Line</Name>
            <Placeholder/>
            <AD_Language>es_VE</AD_Language>
            <IsActive>Y</IsActive>
            <IsTranslated>N</IsTranslated>
        </AD_Field_Trl>
    </AD_Field>
    <AD_Field type="table">
        <AD_Client_ID>0</AD_Client_ID>
        <AD_Org_ID>0</AD_Org_ID>
        <Name>Product</Name>
        <Description>Product, Service, Item</Description>
        <Help>Identifies an item which is either purchased or sold in this organization.</Help>
        <AD_Tab_ID reference="uuid" reference-key="AD_Tab">35f908e5-e227-4404-bef0-75af142ca0ea</AD_Tab_ID>
        <AD_Column_ID reference="uuid" reference-key="AD_Column">e2a452b6-cc2f-4985-bfcc-e2c89cb28ad2</AD_Column_ID>
        <IsDisplayed>Y</IsDisplayed>
        <DisplayLogic>@OperationType@ = 'RMR' | @C_OrderLine_ID@ !0</DisplayLogic>
        <DisplayLength>10</DisplayLength>
        <SeqNo>190</SeqNo>
        <SortNo/>
        <IsSameLine>N</IsSameLine>
        <IsHeading>N</IsHeading>
        <IsFieldOnly>N</IsFieldOnly>
        <IsEncrypted>N</IsEncrypted>
        <IsActive>Y</IsActive>
        <IsReadOnly>Y</IsReadOnly>
        <IsCentrallyMaintained>Y</IsCentrallyMaintained>
        <AD_FieldGroup_ID reference="id"/>
        <EntityType>FTU01</EntityType>
        <ObscureType/>
        <AD_Reference_ID reference="id"/>
        <IsMandatory/>
        <DefaultValue/>
        <AD_Reference_Value_ID reference="id"/>
        <AD_Val_Rule_ID reference="id"/>
        <Included_Tab_ID reference="id"/>
        <AD_Field_UU>de84e43e-9152-45b4-9f8f-9ab0fcf64661</AD_Field_UU>
        <IsAllowCopy/>
        <IsDisplayedGrid>Y</IsDisplayedGrid>
        <SeqNoGrid>190</SeqNoGrid>
        <XPosition>1</XPosition>
        <ColumnSpan>2</ColumnSpan>
        <NumLines>1</NumLines>
        <IsQuickEntry>N</IsQuickEntry>
        <IsUpdateable/>
        <IsAlwaysUpdateable/>
        <MandatoryLogic/>
        <ReadOnlyLogic/>
        <IsToolbarButton/>
        <IsDefaultFocus>N</IsDefaultFocus>
        <IsAdvancedField>N</IsAdvancedField>
        <VFormat/>
        <AD_LabelStyle_ID reference="id"/>
        <AD_FieldStyle_ID reference="id"/>
        <Placeholder/>
        <AD_Field_Trl type="translation">
            <Help>Identifica un artículo que puede ser comprado o vendido es esta organización.</Help>
            <Description>Producto; servicio o artículo.</Description>
            <Name>Producto</Name>
            <Placeholder/>
            <AD_Language>es_CO</AD_Language>
            <IsActive>Y</IsActive>
            <IsTranslated>Y</IsTranslated>
        </AD_Field_Trl>
        <AD_Field_Trl type="translation">
            <Help>Identifies an item which is either purchased or sold in this organization.</Help>
            <Description>Product, Service, Item</Description>
            <Name>Producto</Name>
            <Placeholder/>
            <AD_Language>es_VE</AD_Language>
            <IsActive>Y</IsActive>
            <IsTranslated>N</IsTranslated>
        </AD_Field_Trl>
    </AD_Field>
    <AD_Field type="table">
        <AD_Client_ID>0</AD_Client_ID>
        <AD_Org_ID>0</AD_Org_ID>
        <Name>Business Partner </Name>
        <Description>Identifies a Business Partner</Description>
        <Help>A Business Partner is anyone with whom you transact.  This can include Vendor, Customer, Employee or Salesperson</Help>
        <AD_Tab_ID reference="uuid" reference-key="AD_Tab">35f908e5-e227-4404-bef0-75af142ca0ea</AD_Tab_ID>
        <AD_Column_ID reference="uuid" reference-key="AD_Column">0b2d3fef-7571-4f24-a3fb-5fced7c38fa0</AD_Column_ID>
        <IsDisplayed>Y</IsDisplayed>
        <DisplayLogic>@OperationType@ = 'RMR' | @OperationType@ = 'PBR' | @OperationType@ = 'RMP'</DisplayLogic>
        <DisplayLength>10</DisplayLength>
        <SeqNo>200</SeqNo>
        <SortNo/>
        <IsSameLine>N</IsSameLine>
        <IsHeading>N</IsHeading>
        <IsFieldOnly>N</IsFieldOnly>
        <IsEncrypted>N</IsEncrypted>
        <IsActive>Y</IsActive>
        <IsReadOnly>Y</IsReadOnly>
        <IsCentrallyMaintained>Y</IsCentrallyMaintained>
        <AD_FieldGroup_ID reference="id"/>
        <EntityType>FTU01</EntityType>
        <ObscureType/>
        <AD_Reference_ID reference="id"/>
        <IsMandatory/>
        <DefaultValue/>
        <AD_Reference_Value_ID reference="id"/>
        <AD_Val_Rule_ID reference="id"/>
        <Included_Tab_ID reference="id"/>
        <AD_Field_UU>b9963e50-7c37-4640-8b9b-4009a1c1c475</AD_Field_UU>
        <IsAllowCopy/>
        <IsDisplayedGrid>Y</IsDisplayedGrid>
        <SeqNoGrid>30</SeqNoGrid>
        <XPosition>4</XPosition>
        <ColumnSpan>2</ColumnSpan>
        <NumLines>1</NumLines>
        <IsQuickEntry>N</IsQuickEntry>
        <IsUpdateable/>
        <IsAlwaysUpdateable/>
        <MandatoryLogic/>
        <ReadOnlyLogic/>
        <IsToolbarButton/>
        <IsDefaultFocus>N</IsDefaultFocus>
        <IsAdvancedField>N</IsAdvancedField>
        <VFormat/>
        <AD_LabelStyle_ID reference="id"/>
        <AD_FieldStyle_ID reference="id"/>
        <Placeholder/>
        <AD_Field_Trl type="translation">
            <Help>Un tercero es cualquiera con quien usted realiza transacciones. Este puede incluir Proveedores, Clientes, Empleados o Vendedores.</Help>
            <Description>Identifica un Tercero</Description>
            <Name>Tercero</Name>
            <Placeholder/>
            <AD_Language>es_CO</AD_Language>
            <IsActive>Y</IsActive>
            <IsTranslated>Y</IsTranslated>
        </AD_Field_Trl>
        <AD_Field_Trl type="translation">
            <Help>Un tercero es cualquiera con quien usted realiza transacciones. Este puede incluir Proveedores, Clientes, Empleados o Vendedores.</Help>
            <Description>Identifica un Tercero</Description>
            <Name>Tercero</Name>
            <Placeholder/>
            <AD_Language>es_VE</AD_Language>
            <IsActive>Y</IsActive>
            <IsTranslated>Y</IsTranslated>
        </AD_Field_Trl>
    </AD_Field>
    <AD_Field type="table">
        <AD_Client_ID>0</AD_Client_ID>
        <AD_Org_ID>0</AD_Org_ID>
        <Name>Document Status</Name>
        <Description>The current status of the document</Description>
        <Help>The Document Status indicates the status of a document at this time.  If you want to change the document status, use the Document Action field</Help>
        <AD_Tab_ID reference="uuid" reference-key="AD_Tab">35f908e5-e227-4404-bef0-75af142ca0ea</AD_Tab_ID>
        <AD_Column_ID reference="uuid" reference-key="AD_Column">629eec68-bc9b-4735-a68e-216a6816bfcc</AD_Column_ID>
        <IsDisplayed>Y</IsDisplayed>
        <DisplayLogic/>
        <DisplayLength>2</DisplayLength>
        <SeqNo>210</SeqNo>
        <SortNo/>
        <IsSameLine>N</IsSameLine>
        <IsHeading>N</IsHeading>
        <IsFieldOnly>N</IsFieldOnly>
        <IsEncrypted>N</IsEncrypted>
        <IsActive>Y</IsActive>
        <IsReadOnly>Y</IsReadOnly>
        <IsCentrallyMaintained>Y</IsCentrallyMaintained>
        <AD_FieldGroup_ID reference="id">101</AD_FieldGroup_ID>
        <EntityType>FTU01</EntityType>
        <ObscureType/>
        <AD_Reference_ID reference="id"/>
        <IsMandatory/>
        <DefaultValue/>
        <AD_Reference_Value_ID reference="id"/>
        <AD_Val_Rule_ID reference="id"/>
        <Included_Tab_ID reference="id"/>
        <AD_Field_UU>924fad9f-0bf6-4d51-8eeb-49721dd82cf9</AD_Field_UU>
        <IsAllowCopy/>
        <IsDisplayedGrid>Y</IsDisplayedGrid>
        <SeqNoGrid>90</SeqNoGrid>
        <XPosition>1</XPosition>
        <ColumnSpan>2</ColumnSpan>
        <NumLines>1</NumLines>
        <IsQuickEntry>N</IsQuickEntry>
        <IsUpdateable/>
        <IsAlwaysUpdateable/>
        <MandatoryLogic/>
        <ReadOnlyLogic/>
        <IsToolbarButton/>
        <IsDefaultFocus>N</IsDefaultFocus>
        <IsAdvancedField>N</IsAdvancedField>
        <VFormat/>
        <AD_LabelStyle_ID reference="id"/>
        <AD_FieldStyle_ID reference="id"/>
        <Placeholder/>
        <AD_Field_Trl type="translation">
            <Help>El estado del documento indica el estado del documento en este momento. Si usted quiere cambiar el estado de Documento; use el campo acción de documento</Help>
            <Description>El estado actual del documento</Description>
            <Name>Estado del Documento</Name>
            <Placeholder/>
            <AD_Language>es_CO</AD_Language>
            <IsActive>Y</IsActive>
            <IsTranslated>Y</IsTranslated>
        </AD_Field_Trl>
        <AD_Field_Trl type="translation">
            <Help>The Document Status indicates the status of a document at this time.  If you want to change the document status, use the Document Action field</Help>
            <Description>The current status of the document</Description>
            <Name>Estado del Documento</Name>
            <Placeholder/>
            <AD_Language>es_VE</AD_Language>
            <IsActive>Y</IsActive>
            <IsTranslated>N</IsTranslated>
        </AD_Field_Trl>
    </AD_Field>
    <AD_Field type="table">
        <AD_Client_ID>0</AD_Client_ID>
        <AD_Org_ID>0</AD_Org_ID>
        <Name>Print Entry Ticket</Name>
        <Description/>
        <Help/>
        <AD_Tab_ID reference="uuid" reference-key="AD_Tab">35f908e5-e227-4404-bef0-75af142ca0ea</AD_Tab_ID>
        <AD_Column_ID reference="uuid" reference-key="AD_Column">abd215d9-02f2-4697-922e-32c78a03a3a6</AD_Column_ID>
        <IsDisplayed>Y</IsDisplayed>
        <DisplayLogic/>
        <DisplayLength>1</DisplayLength>
        <SeqNo>220</SeqNo>
        <SortNo/>
        <IsSameLine>N</IsSameLine>
        <IsHeading>N</IsHeading>
        <IsFieldOnly>N</IsFieldOnly>
        <IsEncrypted>N</IsEncrypted>
        <IsActive>Y</IsActive>
        <IsReadOnly>N</IsReadOnly>
        <IsCentrallyMaintained>Y</IsCentrallyMaintained>
        <AD_FieldGroup_ID reference="id"/>
        <EntityType>FTU01</EntityType>
        <ObscureType/>
        <AD_Reference_ID reference="id"/>
        <IsMandatory/>
        <DefaultValue/>
        <AD_Reference_Value_ID reference="id"/>
        <AD_Val_Rule_ID reference="id"/>
        <Included_Tab_ID reference="id"/>
        <AD_Field_UU>19ebc73f-6ccb-40e5-9779-462510ed52e6</AD_Field_UU>
        <IsAllowCopy/>
        <IsDisplayedGrid>Y</IsDisplayedGrid>
        <SeqNoGrid>110</SeqNoGrid>
        <XPosition>5</XPosition>
        <ColumnSpan>2</ColumnSpan>
        <NumLines>1</NumLines>
        <IsQuickEntry>N</IsQuickEntry>
        <IsUpdateable/>
        <IsAlwaysUpdateable/>
        <MandatoryLogic/>
        <ReadOnlyLogic/>
        <IsToolbarButton/>
        <IsDefaultFocus>N</IsDefaultFocus>
        <IsAdvancedField>N</IsAdvancedField>
        <VFormat/>
        <AD_LabelStyle_ID reference="id"/>
        <AD_FieldStyle_ID reference="id"/>
        <Placeholder/>
        <AD_Field_Trl type="translation">
            <Help/>
            <Description/>
            <Name>Imprimir Ticket de Entrada</Name>
            <Placeholder/>
            <AD_Language>es_CO</AD_Language>
            <IsActive>Y</IsActive>
            <IsTranslated>N</IsTranslated>
        </AD_Field_Trl>
        <AD_Field_Trl type="translation">
            <Help/>
            <Description/>
            <Name>Print Entry Ticket</Name>
            <Placeholder/>
            <AD_Language>es_VE</AD_Language>
            <IsActive>Y</IsActive>
            <IsTranslated>N</IsTranslated>
        </AD_Field_Trl>
    </AD_Field>
    <AD_Field type="table">
        <AD_Client_ID>0</AD_Client_ID>
        <AD_Org_ID>0</AD_Org_ID>
        <Name>Processed</Name>
        <Description>The document has been processed</Description>
        <Help>The Processed checkbox indicates that a document has been processed.</Help>
        <AD_Tab_ID reference="uuid" reference-key="AD_Tab">35f908e5-e227-4404-bef0-75af142ca0ea</AD_Tab_ID>
        <AD_Column_ID reference="uuid" reference-key="AD_Column">a8598db1-b8be-4fb7-8247-dcef118bb6c7</AD_Column_ID>
        <IsDisplayed>Y</IsDisplayed>
        <DisplayLogic/>
        <DisplayLength>1</DisplayLength>
        <SeqNo>230</SeqNo>
        <SortNo/>
        <IsSameLine>N</IsSameLine>
        <IsHeading>N</IsHeading>
        <IsFieldOnly>N</IsFieldOnly>
        <IsEncrypted>N</IsEncrypted>
        <IsActive>Y</IsActive>
        <IsReadOnly>Y</IsReadOnly>
        <IsCentrallyMaintained>Y</IsCentrallyMaintained>
        <AD_FieldGroup_ID reference="id"/>
        <EntityType>FTU01</EntityType>
        <ObscureType/>
        <AD_Reference_ID reference="id"/>
        <IsMandatory/>
        <DefaultValue/>
        <AD_Reference_Value_ID reference="id"/>
        <AD_Val_Rule_ID reference="id"/>
        <Included_Tab_ID reference="id"/>
        <AD_Field_UU>c91a1850-012d-43f6-a162-268efc0b196e</AD_Field_UU>
        <IsAllowCopy/>
        <IsDisplayedGrid>Y</IsDisplayedGrid>
        <SeqNoGrid>220</SeqNoGrid>
        <XPosition>2</XPosition>
        <ColumnSpan>2</ColumnSpan>
        <NumLines>1</NumLines>
        <IsQuickEntry>N</IsQuickEntry>
        <IsUpdateable/>
        <IsAlwaysUpdateable/>
        <MandatoryLogic/>
        <ReadOnlyLogic/>
        <IsToolbarButton/>
        <IsDefaultFocus>N</IsDefaultFocus>
        <IsAdvancedField>N</IsAdvancedField>
        <VFormat/>
        <AD_LabelStyle_ID reference="id"/>
        <AD_FieldStyle_ID reference="id"/>
        <Placeholder/>
        <AD_Field_Trl type="translation">
            <Help>El cuadro de verificación procesada indica que un documento ha sido procesado</Help>
            <Description>El documento ha sido procesado</Description>
            <Name>Procesado</Name>
            <Placeholder/>
            <AD_Language>es_CO</AD_Language>
            <IsActive>Y</IsActive>
            <IsTranslated>Y</IsTranslated>
        </AD_Field_Trl>
        <AD_Field_Trl type="translation">
            <Help>The Processed checkbox indicates that a document has been processed.</Help>
            <Description>The document has been processed</Description>
            <Name>Procesado</Name>
            <Placeholder/>
            <AD_Language>es_VE</AD_Language>
            <IsActive>Y</IsActive>
            <IsTranslated>N</IsTranslated>
        </AD_Field_Trl>
    </AD_Field>
    <AD_Field type="table">
        <AD_Client_ID>0</AD_Client_ID>
        <AD_Org_ID>0</AD_Org_ID>
        <Name>Printed Sample</Name>
        <Description/>
        <Help/>
        <AD_Tab_ID reference="uuid" reference-key="AD_Tab">35f908e5-e227-4404-bef0-75af142ca0ea</AD_Tab_ID>
        <AD_Column_ID reference="uuid" reference-key="AD_Column">66283667-6a9a-44fb-bf10-db211afceb2d</AD_Column_ID>
        <IsDisplayed>Y</IsDisplayed>
        <DisplayLogic/>
        <DisplayLength>1</DisplayLength>
        <SeqNo>240</SeqNo>
        <SortNo/>
        <IsSameLine>N</IsSameLine>
        <IsHeading>N</IsHeading>
        <IsFieldOnly>N</IsFieldOnly>
        <IsEncrypted>N</IsEncrypted>
        <IsActive>Y</IsActive>
        <IsReadOnly>Y</IsReadOnly>
        <IsCentrallyMaintained>Y</IsCentrallyMaintained>
        <AD_FieldGroup_ID reference="id"/>
        <EntityType>FTU01</EntityType>
        <ObscureType/>
        <AD_Reference_ID reference="id"/>
        <IsMandatory/>
        <DefaultValue/>
        <AD_Reference_Value_ID reference="id"/>
        <AD_Val_Rule_ID reference="id"/>
        <Included_Tab_ID reference="id"/>
        <AD_Field_UU>aeb334d8-a9fe-45d7-9752-8d294497c002</AD_Field_UU>
        <IsAllowCopy/>
        <IsDisplayedGrid>Y</IsDisplayedGrid>
        <SeqNoGrid>180</SeqNoGrid>
        <XPosition>5</XPosition>
        <ColumnSpan>2</ColumnSpan>
        <NumLines>1</NumLines>
        <IsQuickEntry>N</IsQuickEntry>
        <IsUpdateable/>
        <IsAlwaysUpdateable/>
        <MandatoryLogic/>
        <ReadOnlyLogic/>
        <IsToolbarButton/>
        <IsDefaultFocus>N</IsDefaultFocus>
        <IsAdvancedField>N</IsAdvancedField>
        <VFormat/>
        <AD_LabelStyle_ID reference="id"/>
        <AD_FieldStyle_ID reference="id"/>
        <Placeholder/>
        <AD_Field_Trl type="translation">
            <Help/>
            <Description/>
            <Name>Muestra Impresa</Name>
            <Placeholder/>
            <AD_Language>es_CO</AD_Language>
            <IsActive>Y</IsActive>
            <IsTranslated>N</IsTranslated>
        </AD_Field_Trl>
        <AD_Field_Trl type="translation">
            <Help/>
            <Description/>
            <Name>Printed Sample</Name>
            <Placeholder/>
            <AD_Language>es_VE</AD_Language>
            <IsActive>Y</IsActive>
            <IsTranslated>N</IsTranslated>
        </AD_Field_Trl>
    </AD_Field>
    <AD_Field type="table">
        <AD_Client_ID>0</AD_Client_ID>
        <AD_Org_ID>0</AD_Org_ID>
        <Name>Printed</Name>
        <Description>Indicates if this document / line is printed</Description>
        <Help>The Printed checkbox indicates if this document or line will included when printing.</Help>
        <AD_Tab_ID reference="uuid" reference-key="AD_Tab">35f908e5-e227-4404-bef0-75af142ca0ea</AD_Tab_ID>
        <AD_Column_ID reference="uuid" reference-key="AD_Column">0dc8f07d-6b2a-4df0-b14f-f33941eebbc5</AD_Column_ID>
        <IsDisplayed>Y</IsDisplayed>
        <DisplayLogic/>
        <DisplayLength>1</DisplayLength>
        <SeqNo>250</SeqNo>
        <SortNo/>
        <IsSameLine>N</IsSameLine>
        <IsHeading>N</IsHeading>
        <IsFieldOnly>N</IsFieldOnly>
        <IsEncrypted>N</IsEncrypted>
        <IsActive>Y</IsActive>
        <IsReadOnly>Y</IsReadOnly>
        <IsCentrallyMaintained>Y</IsCentrallyMaintained>
        <AD_FieldGroup_ID reference="id"/>
        <EntityType>FTU01</EntityType>
        <ObscureType/>
        <AD_Reference_ID reference="id"/>
        <IsMandatory/>
        <DefaultValue/>
        <AD_Reference_Value_ID reference="id"/>
        <AD_Val_Rule_ID reference="id"/>
        <Included_Tab_ID reference="id"/>
        <AD_Field_UU>df4b506d-36c2-4201-a068-b37c7ce4aef3</AD_Field_UU>
        <IsAllowCopy/>
        <IsDisplayedGrid>Y</IsDisplayedGrid>
        <SeqNoGrid>170</SeqNoGrid>
        <XPosition>2</XPosition>
        <ColumnSpan>1</ColumnSpan>
        <NumLines>1</NumLines>
        <IsQuickEntry>N</IsQuickEntry>
        <IsUpdateable/>
        <IsAlwaysUpdateable/>
        <MandatoryLogic/>
        <ReadOnlyLogic/>
        <IsToolbarButton/>
        <IsDefaultFocus>N</IsDefaultFocus>
        <IsAdvancedField>N</IsAdvancedField>
        <VFormat/>
        <AD_LabelStyle_ID reference="id"/>
        <AD_FieldStyle_ID reference="id"/>
        <Placeholder/>
        <AD_Field_Trl type="translation">
            <Help>El cuadro de verificación impreso indica si este documento se imprimirá.</Help>
            <Description>Indica si este documento es impreso.</Description>
            <Name>Impreso</Name>
            <Placeholder/>
            <AD_Language>es_CO</AD_Language>
            <IsActive>Y</IsActive>
            <IsTranslated>Y</IsTranslated>
        </AD_Field_Trl>
        <AD_Field_Trl type="translation">
            <Help>The Printed checkbox indicates if this document or line will included when printing.</Help>
            <Description>Indicates if this document / line is printed</Description>
            <Name>Impreso</Name>
            <Placeholder/>
            <AD_Language>es_VE</AD_Language>
            <IsActive>Y</IsActive>
            <IsTranslated>N</IsTranslated>
        </AD_Field_Trl>
    </AD_Field>
    <AD_Field type="table">
        <AD_Client_ID>0</AD_Client_ID>
        <AD_Org_ID>0</AD_Org_ID>
        <Name>FTU_EntryTicket Process</Name>
        <Description/>
        <Help/>
        <AD_Tab_ID reference="uuid" reference-key="AD_Tab">35f908e5-e227-4404-bef0-75af142ca0ea</AD_Tab_ID>
        <AD_Column_ID reference="uuid" reference-key="AD_Column">445971d4-220f-474c-9265-3a2ba1161efd</AD_Column_ID>
        <IsDisplayed>Y</IsDisplayed>
        <DisplayLogic/>
        <DisplayLength>2</DisplayLength>
        <SeqNo>260</SeqNo>
        <SortNo/>
        <IsSameLine>N</IsSameLine>
        <IsHeading>N</IsHeading>
        <IsFieldOnly>N</IsFieldOnly>
        <IsEncrypted>N</IsEncrypted>
        <IsActive>Y</IsActive>
        <IsReadOnly>N</IsReadOnly>
        <IsCentrallyMaintained>Y</IsCentrallyMaintained>
        <AD_FieldGroup_ID reference="id"/>
        <EntityType>FTU01</EntityType>
        <ObscureType/>
        <AD_Reference_ID reference="id"/>
        <IsMandatory/>
        <DefaultValue/>
        <AD_Reference_Value_ID reference="id"/>
        <AD_Val_Rule_ID reference="id"/>
        <Included_Tab_ID reference="id"/>
        <AD_Field_UU>9fc0b451-c845-4984-a9f2-285b21677e9b</AD_Field_UU>
        <IsAllowCopy/>
        <IsDisplayedGrid>Y</IsDisplayedGrid>
        <SeqNoGrid>80</SeqNoGrid>
        <XPosition>5</XPosition>
        <ColumnSpan>1</ColumnSpan>
        <NumLines>1</NumLines>
        <IsQuickEntry>N</IsQuickEntry>
        <IsUpdateable/>
        <IsAlwaysUpdateable/>
        <MandatoryLogic/>
        <ReadOnlyLogic/>
        <IsToolbarButton/>
        <IsDefaultFocus>N</IsDefaultFocus>
        <IsAdvancedField>N</IsAdvancedField>
        <VFormat/>
        <AD_LabelStyle_ID reference="id"/>
        <AD_FieldStyle_ID reference="id"/>
        <Placeholder/>
        <AD_Field_Trl type="translation">
            <Help/>
            <Description/>
            <Name>FTU_EntryTicket Process</Name>
            <Placeholder/>
            <AD_Language>es_CO</AD_Language>
            <IsActive>Y</IsActive>
            <IsTranslated>N</IsTranslated>
        </AD_Field_Trl>
        <AD_Field_Trl type="translation">
            <Help/>
            <Description/>
            <Name>FTU_EntryTicket Process</Name>
            <Placeholder/>
            <AD_Language>es_VE</AD_Language>
            <IsActive>Y</IsActive>
            <IsTranslated>N</IsTranslated>
        </AD_Field_Trl>
    </AD_Field>
    <AD_Field type="table">
        <AD_Client_ID>0</AD_Client_ID>
        <AD_Org_ID>0</AD_Org_ID>
        <Name>Date printed</Name>
        <Description>Date the document was printed.</Description>
        <Help>Indicates the Date that a document was printed.</Help>
        <AD_Tab_ID reference="uuid" reference-key="AD_Tab">35f908e5-e227-4404-bef0-75af142ca0ea</AD_Tab_ID>
        <AD_Column_ID reference="uuid" reference-key="AD_Column">2b55684a-299d-4a44-9edc-a6860e931174</AD_Column_ID>
        <IsDisplayed>Y</IsDisplayed>
        <DisplayLogic>@IsPrinted@=Y</DisplayLogic>
        <DisplayLength>29</DisplayLength>
        <SeqNo>270</SeqNo>
        <SortNo/>
        <IsSameLine>N</IsSameLine>
        <IsHeading>N</IsHeading>
        <IsFieldOnly>N</IsFieldOnly>
        <IsEncrypted>N</IsEncrypted>
        <IsActive>Y</IsActive>
        <IsReadOnly>Y</IsReadOnly>
        <IsCentrallyMaintained>Y</IsCentrallyMaintained>
        <AD_FieldGroup_ID reference="id"/>
        <EntityType>FTU01</EntityType>
        <ObscureType/>
        <AD_Reference_ID reference="id"/>
        <IsMandatory/>
        <DefaultValue/>
        <AD_Reference_Value_ID reference="id"/>
        <AD_Val_Rule_ID reference="id"/>
        <Included_Tab_ID reference="id"/>
        <AD_Field_UU>9b341d17-4734-487b-a2a2-f5fbc8788bb4</AD_Field_UU>
        <IsAllowCopy/>
        <IsDisplayedGrid>Y</IsDisplayedGrid>
        <SeqNoGrid>300</SeqNoGrid>
        <XPosition>4</XPosition>
        <ColumnSpan>2</ColumnSpan>
        <NumLines>1</NumLines>
        <IsQuickEntry>N</IsQuickEntry>
        <IsUpdateable/>
        <IsAlwaysUpdateable/>
        <MandatoryLogic/>
        <ReadOnlyLogic/>
        <IsToolbarButton/>
        <IsDefaultFocus>N</IsDefaultFocus>
        <IsAdvancedField>N</IsAdvancedField>
        <VFormat/>
        <AD_LabelStyle_ID reference="id"/>
        <AD_FieldStyle_ID reference="id"/>
        <Placeholder/>
        <AD_Field_Trl type="translation">
            <Help>Indica la fecha en que este documento se imprimió.</Help>
            <Description>Fecha en que el documento fue impreso</Description>
            <Name>Fecha Impresión</Name>
            <Placeholder/>
            <AD_Language>es_CO</AD_Language>
            <IsActive>Y</IsActive>
            <IsTranslated>Y</IsTranslated>
        </AD_Field_Trl>
        <AD_Field_Trl type="translation">
            <Help>Indicates the Date that a document was printed.</Help>
            <Description>Date the document was printed.</Description>
            <Name>Fecha Impresión</Name>
            <Placeholder/>
            <AD_Language>es_VE</AD_Language>
            <IsActive>Y</IsActive>
            <IsTranslated>N</IsTranslated>
        </AD_Field_Trl>
    </AD_Field>
    <AD_Column type="table">
        <IsSyncDatabase>Y</IsSyncDatabase>
        <AD_Table_ID reference="uuid" reference-key="AD_Table">c9db2ec5-b08f-4b55-9111-47686b670a8e</AD_Table_ID>
        <AD_Reference_Value_ID reference="id"/>
        <AD_Client_ID>0</AD_Client_ID>
        <AD_Org_ID>0</AD_Org_ID>
        <Version>0.0</Version>
        <Name>Document No</Name>
        <Description>Document sequence number of the document</Description>
        <Help>The document number is usually automatically generated by the system and determined by the document type of the document. If the document is not saved, the preliminary number is displayed in "&lt;&gt;".

If the document type of your document has no automatic document sequence defined, the field is empty if you create a new document. This is for documents which usually have an external number (like vendor invoice).  If you leave the field empty, the system will generate a document number for you. The document sequence used for this fallback number is defined in the "Maintain Sequence" window with the name "DocumentNo_&lt;TableName&gt;", where TableName is the actual name of the table (e.g. C_Order).</Help>
        <AD_Val_Rule_ID reference="id"/>
        <ColumnName>DocumentNo</ColumnName>
        <DefaultValue/>
        <FieldLength>60</FieldLength>
        <IsKey>N</IsKey>
        <IsParent>N</IsParent>
        <IsMandatory>N</IsMandatory>
        <IsTranslated>N</IsTranslated>
        <IsIdentifier>Y</IsIdentifier>
        <SeqNo>10</SeqNo>
        <IsEncrypted>N</IsEncrypted>
        <AD_Reference_ID reference="id">10</AD_Reference_ID>
        <IsActive>Y</IsActive>
        <VFormat/>
        <Callout/>
        <AD_Element_ID reference="id">290</AD_Element_ID>
        <IsUpdateable>N</IsUpdateable>
        <AD_Process_ID reference="id"/>
        <ValueMin/>
        <ValueMax/>
        <IsSelectionColumn>Y</IsSelectionColumn>
        <ReadOnlyLogic/>
        <EntityType>FTU01</EntityType>
        <IsAlwaysUpdateable>N</IsAlwaysUpdateable>
        <ColumnSQL/>
        <MandatoryLogic/>
        <IsAutocomplete>N</IsAutocomplete>
        <IsAllowLogging>Y</IsAllowLogging>
        <FormatPattern/>
        <AD_Chart_ID reference="id"/>
        <AD_Column_UU>665daf84-7fa3-4a5f-a5a5-0ead6f60851b</AD_Column_UU>
        <IsAllowCopy>Y</IsAllowCopy>
        <SeqNoSelection>20</SeqNoSelection>
        <IsToolbarButton>N</IsToolbarButton>
        <IsSecure>N</IsSecure>
        <FKConstraintName/>
        <FKConstraintType>N</FKConstraintType>
        <PA_DashboardContent_ID reference="id"/>
        <Placeholder/>
        <IsHtml>N</IsHtml>
    </AD_Column>
    <AD_Column type="table">
        <IsSyncDatabase>Y</IsSyncDatabase>
        <AD_Table_ID reference="uuid" reference-key="AD_Table">c9db2ec5-b08f-4b55-9111-47686b670a8e</AD_Table_ID>
        <AD_Reference_Value_ID reference="id"/>
        <AD_Client_ID>0</AD_Client_ID>
        <AD_Org_ID>0</AD_Org_ID>
        <Version>0.0</Version>
        <Name>Entry Ticket</Name>
        <Description>@script:beanshell:SetValuesRecordWeight</Description>
        <Help/>
        <AD_Val_Rule_ID reference="uuid" reference-key="AD_Val_Rule">2c72bdcb-2404-40b7-a7b8-38448c29e0c1</AD_Val_Rule_ID>
        <ColumnName>FTU_EntryTicket_ID</ColumnName>
        <DefaultValue/>
        <FieldLength>10</FieldLength>
        <IsKey>N</IsKey>
        <IsParent>Y</IsParent>
        <IsMandatory>Y</IsMandatory>
        <IsTranslated>N</IsTranslated>
        <IsIdentifier>N</IsIdentifier>
        <SeqNo/>
        <IsEncrypted>N</IsEncrypted>
        <AD_Reference_ID reference="id">30</AD_Reference_ID>
        <IsActive>Y</IsActive>
        <VFormat/>
        <Callout/>
        <AD_Element_ID reference="uuid" reference-key="AD_Element">bea97eac-27ff-47c6-9de7-ca16807139bc</AD_Element_ID>
        <IsUpdateable>N</IsUpdateable>
        <AD_Process_ID reference="id"/>
        <ValueMin/>
        <ValueMax/>
        <IsSelectionColumn>N</IsSelectionColumn>
        <ReadOnlyLogic/>
        <EntityType>FTU01</EntityType>
        <IsAlwaysUpdateable>N</IsAlwaysUpdateable>
        <ColumnSQL/>
        <MandatoryLogic/>
        <IsAutocomplete>N</IsAutocomplete>
        <IsAllowLogging>Y</IsAllowLogging>
        <FormatPattern/>
        <AD_Chart_ID reference="id"/>
        <AD_Column_UU>bcbca899-54c8-423f-8d9d-0f9948dcc808</AD_Column_UU>
        <IsAllowCopy>Y</IsAllowCopy>
        <SeqNoSelection/>
        <IsToolbarButton>N</IsToolbarButton>
        <IsSecure>N</IsSecure>
        <FKConstraintName>FTUEntryTicket_FTURecordWeight</FKConstraintName>
        <FKConstraintType>N</FKConstraintType>
        <PA_DashboardContent_ID reference="id"/>
        <Placeholder/>
        <IsHtml>N</IsHtml>
    </AD_Column>
    <AD_Column type="table">
        <IsSyncDatabase>Y</IsSyncDatabase>
        <AD_Table_ID reference="id">323</AD_Table_ID>
        <AD_Reference_Value_ID reference="id"/>
        <AD_Client_ID>0</AD_Client_ID>
        <AD_Org_ID>0</AD_Org_ID>
        <Version>0</Version>
        <Name>Record Weight</Name>
        <Description/>
        <Help/>
        <AD_Val_Rule_ID reference="id"/>
        <ColumnName>FTU_RecordWeight_ID</ColumnName>
        <DefaultValue/>
        <FieldLength>10</FieldLength>
        <IsKey>N</IsKey>
        <IsParent>N</IsParent>
        <IsMandatory>N</IsMandatory>
        <IsTranslated>N</IsTranslated>
        <IsIdentifier>N</IsIdentifier>
        <SeqNo>0</SeqNo>
        <IsEncrypted>N</IsEncrypted>
        <AD_Reference_ID reference="id">19</AD_Reference_ID>
        <IsActive>Y</IsActive>
        <VFormat/>
        <Callout/>
        <AD_Element_ID reference="uuid" reference-key="AD_Element">cf67ff60-cb16-4676-be58-450eeaed4b61</AD_Element_ID>
        <IsUpdateable>N</IsUpdateable>
        <AD_Process_ID reference="id"/>
        <ValueMin/>
        <ValueMax/>
        <IsSelectionColumn>N</IsSelectionColumn>
        <ReadOnlyLogic/>
        <EntityType>FTU</EntityType>
        <IsAlwaysUpdateable>N</IsAlwaysUpdateable>
        <ColumnSQL/>
        <MandatoryLogic/>
        <IsAutocomplete>N</IsAutocomplete>
        <IsAllowLogging>Y</IsAllowLogging>
        <FormatPattern/>
        <AD_Chart_ID reference="id"/>
        <AD_Column_UU>62015e8a-616a-4543-8b62-38a8f8a5822a</AD_Column_UU>
        <IsAllowCopy>Y</IsAllowCopy>
        <SeqNoSelection>0</SeqNoSelection>
        <IsToolbarButton>N</IsToolbarButton>
        <IsSecure>N</IsSecure>
        <FKConstraintName>FTURecordWeight_MMovement</FKConstraintName>
        <FKConstraintType>N</FKConstraintType>
        <PA_DashboardContent_ID reference="id"/>
        <Placeholder/>
        <IsHtml>N</IsHtml>
    </AD_Column>
    <AD_Field type="table">
        <AD_Client_ID>0</AD_Client_ID>
        <AD_Org_ID>0</AD_Org_ID>
        <Name>Movement Source</Name>
        <Description/>
        <Help/>
        <AD_Tab_ID reference="id">259</AD_Tab_ID>
        <AD_Column_ID reference="uuid" reference-key="AD_Column">323c3562-cf13-4329-b412-e2ce3a8a547f</AD_Column_ID>
        <IsDisplayed>Y</IsDisplayed>
        <DisplayLogic/>
        <DisplayLength>10</DisplayLength>
        <SeqNo>40</SeqNo>
        <SortNo/>
        <IsSameLine>N</IsSameLine>
        <IsHeading>N</IsHeading>
        <IsFieldOnly>N</IsFieldOnly>
        <IsEncrypted>N</IsEncrypted>
        <IsActive>Y</IsActive>
        <IsReadOnly>N</IsReadOnly>
        <IsCentrallyMaintained>Y</IsCentrallyMaintained>
        <AD_FieldGroup_ID reference="id"/>
        <EntityType>FTU</EntityType>
        <ObscureType/>
        <AD_Reference_ID reference="id"/>
        <IsMandatory/>
        <DefaultValue/>
        <AD_Reference_Value_ID reference="id"/>
        <AD_Val_Rule_ID reference="id"/>
        <Included_Tab_ID reference="id"/>
        <AD_Field_UU>6c2be8b0-8c50-4dba-a54b-b450bab1a6e7</AD_Field_UU>
        <IsAllowCopy/>
        <IsDisplayedGrid>Y</IsDisplayedGrid>
        <SeqNoGrid>330</SeqNoGrid>
        <XPosition>1</XPosition>
        <ColumnSpan>2</ColumnSpan>
        <NumLines>1</NumLines>
        <IsQuickEntry>N</IsQuickEntry>
        <IsUpdateable/>
        <IsAlwaysUpdateable/>
        <MandatoryLogic/>
        <ReadOnlyLogic/>
        <IsToolbarButton/>
        <IsDefaultFocus>N</IsDefaultFocus>
        <IsAdvancedField>N</IsAdvancedField>
        <VFormat/>
        <AD_LabelStyle_ID reference="id"/>
        <AD_FieldStyle_ID reference="id"/>
        <Placeholder/>
        <AD_Field_Trl type="translation">
            <Help/>
            <Description/>
            <Name>Movimiento Origen</Name>
            <Placeholder/>
            <AD_Language>es_CO</AD_Language>
            <IsActive>Y</IsActive>
            <IsTranslated>N</IsTranslated>
        </AD_Field_Trl>
        <AD_Field_Trl type="translation">
            <Help/>
            <Description/>
            <Name>Movimiento Origen</Name>
            <Placeholder/>
            <AD_Language>es_VE</AD_Language>
            <IsActive>Y</IsActive>
            <IsTranslated>N</IsTranslated>
        </AD_Field_Trl>
    </AD_Field>
    <AD_Field type="table">
        <AD_Field_ID>56323</AD_Field_ID>
        <AD_Client_ID>0</AD_Client_ID>
        <AD_Org_ID>0</AD_Org_ID>
        <AD_Field_ID>56323</AD_Field_ID>
        <Name>Order Reference</Name>
        <Description>Transaction Reference Number (Sales Order, Purchase Order) of your Business Partner</Description>
        <Help>The business partner order reference is the order reference for this specific transaction; Often Purchase Order numbers are given to print on Invoices for easier reference.  A standard number can be defined in the Business Partner (Customer) window.</Help>
        <AD_Tab_ID reference="id">259</AD_Tab_ID>
        <AD_Column_ID reference="id">56246</AD_Column_ID>
        <IsDisplayed>Y</IsDisplayed>
        <DisplayLogic/>
        <DisplayLength>20</DisplayLength>
        <SeqNo>50</SeqNo>
        <SortNo/>
        <IsSameLine>Y</IsSameLine>
        <IsHeading>N</IsHeading>
        <IsFieldOnly>N</IsFieldOnly>
        <IsEncrypted>N</IsEncrypted>
        <IsActive>Y</IsActive>
        <IsReadOnly>N</IsReadOnly>
        <IsCentrallyMaintained>Y</IsCentrallyMaintained>
        <AD_FieldGroup_ID reference="id"/>
        <EntityType>EE01</EntityType>
        <ObscureType/>
        <AD_Reference_ID reference="id"/>
        <IsMandatory/>
        <DefaultValue/>
        <AD_Reference_Value_ID reference="id"/>
        <AD_Val_Rule_ID reference="id"/>
        <Included_Tab_ID reference="id"/>
        <AD_Field_UU>f975f3d9-8b43-4559-b4b2-f09ba7100d5d</AD_Field_UU>
        <IsAllowCopy/>
        <IsDisplayedGrid>Y</IsDisplayedGrid>
        <SeqNoGrid>40</SeqNoGrid>
        <XPosition>4</XPosition>
        <ColumnSpan>2</ColumnSpan>
        <NumLines>1</NumLines>
        <IsQuickEntry>N</IsQuickEntry>
        <IsUpdateable/>
        <IsAlwaysUpdateable/>
        <MandatoryLogic/>
        <ReadOnlyLogic/>
        <IsToolbarButton/>
        <IsDefaultFocus>N</IsDefaultFocus>
        <IsAdvancedField>N</IsAdvancedField>
        <VFormat/>
        <AD_LabelStyle_ID reference="id"/>
        <AD_FieldStyle_ID reference="id"/>
        <Placeholder/>
        <AD_Field_Trl type="translation">
            <Help>La referencia de orden del tercero es la referencia para esta transacción específica. Frecuentemente los números de orden de compras se dan para ser impresas en las facturas como una referencia más fácil. Un número estándar puede ser definido en la ventana tercero (Cliente).</Help>
            <Description>Número de referencia de de la transacción (Orden de Venta; Orden de Compra) de su tercero)</Description>
            <Name>Referencia de Orden de Tercero</Name>
            <Placeholder/>
            <AD_Language>es_CO</AD_Language>
            <IsActive>Y</IsActive>
            <IsTranslated>Y</IsTranslated>
        </AD_Field_Trl>
        <AD_Field_Trl type="translation">
            <Help>The business partner order reference is the order reference for this specific transaction; Often Purchase Order numbers are given to print on Invoices for easier reference.  A standard number can be defined in the Business Partner (Customer) window.</Help>
            <Description>Transaction Reference Number (Sales Order, Purchase Order) of your Business Partner</Description>
            <Name>Referencia de Orden de Tercero</Name>
            <Placeholder/>
            <AD_Language>es_VE</AD_Language>
            <IsActive>Y</IsActive>
            <IsTranslated>N</IsTranslated>
        </AD_Field_Trl>
    </AD_Field>
    <AD_Field type="table">
        <AD_Client_ID>0</AD_Client_ID>
        <AD_Org_ID>0</AD_Org_ID>
        <Name>LVE_controlNumber</Name>
        <Description>LVE_controlNumber</Description>
        <Help>LVE_controlNumber</Help>
        <AD_Tab_ID reference="id">259</AD_Tab_ID>
        <AD_Column_ID reference="uuid" reference-key="AD_Column">3a105c27-8bcd-4214-bb29-c07502da3f00</AD_Column_ID>
        <IsDisplayed>Y</IsDisplayed>
        <DisplayLogic>@C_DocType_ID.isControlNoDocument@=Y</DisplayLogic>
        <DisplayLength>60</DisplayLength>
        <SeqNo>60</SeqNo>
        <SortNo/>
        <IsSameLine>N</IsSameLine>
        <IsHeading>N</IsHeading>
        <IsFieldOnly>N</IsFieldOnly>
        <IsEncrypted>N</IsEncrypted>
        <IsActive>Y</IsActive>
        <IsReadOnly>N</IsReadOnly>
        <IsCentrallyMaintained>Y</IsCentrallyMaintained>
        <AD_FieldGroup_ID reference="id"/>
        <EntityType>FTU</EntityType>
        <ObscureType/>
        <AD_Reference_ID reference="id"/>
        <IsMandatory/>
        <DefaultValue/>
        <AD_Reference_Value_ID reference="id"/>
        <AD_Val_Rule_ID reference="id"/>
        <Included_Tab_ID reference="id"/>
        <AD_Field_UU>430fe9b7-a5ba-4859-9430-8d69a098cba6</AD_Field_UU>
        <IsAllowCopy/>
        <IsDisplayedGrid>Y</IsDisplayedGrid>
        <SeqNoGrid>330</SeqNoGrid>
        <XPosition>1</XPosition>
        <ColumnSpan>2</ColumnSpan>
        <NumLines>1</NumLines>
        <IsQuickEntry>N</IsQuickEntry>
        <IsUpdateable/>
        <IsAlwaysUpdateable/>
        <MandatoryLogic/>
        <ReadOnlyLogic/>
        <IsToolbarButton/>
        <IsDefaultFocus>N</IsDefaultFocus>
        <IsAdvancedField>N</IsAdvancedField>
        <VFormat/>
        <AD_LabelStyle_ID reference="id"/>
        <AD_FieldStyle_ID reference="id"/>
        <Placeholder/>
        <AD_Field_Trl type="translation">
            <Help/>
            <Description/>
            <Name>Número de Control</Name>
            <Placeholder/>
            <AD_Language>es_CO</AD_Language>
            <IsActive>Y</IsActive>
            <IsTranslated>N</IsTranslated>
        </AD_Field_Trl>
        <AD_Field_Trl type="translation">
            <Help>LVE_controlNumber</Help>
            <Description>LVE_controlNumber</Description>
            <Name>Número de Control</Name>
            <Placeholder/>
            <AD_Language>es_VE</AD_Language>
            <IsActive>Y</IsActive>
            <IsTranslated>N</IsTranslated>
        </AD_Field_Trl>
    </AD_Field>
    <AD_Field type="table">
        <AD_Field_ID>54046</AD_Field_ID>
        <AD_Client_ID>0</AD_Client_ID>
        <AD_Org_ID>0</AD_Org_ID>
        <AD_Field_ID>54046</AD_Field_ID>
        <Name>Sales Representative</Name>
        <Description>Sales Representative or Company Agent</Description>
        <Help>The Sales Representative indicates the Sales Rep for this Region.  Any Sales Rep must be a valid internal user.</Help>
        <AD_Tab_ID reference="id">259</AD_Tab_ID>
        <AD_Column_ID reference="id">53972</AD_Column_ID>
        <IsDisplayed>Y</IsDisplayed>
        <DisplayLogic/>
        <DisplayLength>10</DisplayLength>
        <SeqNo>70</SeqNo>
        <SortNo>0</SortNo>
        <IsSameLine>Y</IsSameLine>
        <IsHeading>N</IsHeading>
        <IsFieldOnly>N</IsFieldOnly>
        <IsEncrypted>N</IsEncrypted>
        <IsActive>Y</IsActive>
        <IsReadOnly>N</IsReadOnly>
        <IsCentrallyMaintained>Y</IsCentrallyMaintained>
        <AD_FieldGroup_ID reference="id"/>
        <EntityType>EE01</EntityType>
        <ObscureType/>
        <AD_Reference_ID reference="id"/>
        <IsMandatory/>
        <DefaultValue/>
        <AD_Reference_Value_ID reference="id"/>
        <AD_Val_Rule_ID reference="id"/>
        <Included_Tab_ID reference="id"/>
        <AD_Field_UU>8aa53320-1ff3-4c37-9439-d6c9e1d69aff</AD_Field_UU>
        <IsAllowCopy/>
        <IsDisplayedGrid>Y</IsDisplayedGrid>
        <SeqNoGrid>60</SeqNoGrid>
        <XPosition>4</XPosition>
        <ColumnSpan>2</ColumnSpan>
        <NumLines>1</NumLines>
        <IsQuickEntry>N</IsQuickEntry>
        <IsUpdateable/>
        <IsAlwaysUpdateable/>
        <MandatoryLogic/>
        <ReadOnlyLogic/>
        <IsToolbarButton/>
        <IsDefaultFocus>N</IsDefaultFocus>
        <IsAdvancedField>N</IsAdvancedField>
        <VFormat/>
        <AD_LabelStyle_ID reference="id"/>
        <AD_FieldStyle_ID reference="id"/>
        <Placeholder/>
        <AD_Field_Trl type="translation">
            <Help>El representante comercial indica el representante comercial para esta región.</Help>
            <Description>Representante Comercial</Description>
            <Name>Representante Comercial</Name>
            <Placeholder/>
            <AD_Language>es_CO</AD_Language>
            <IsActive>Y</IsActive>
            <IsTranslated>Y</IsTranslated>
        </AD_Field_Trl>
        <AD_Field_Trl type="translation">
            <Help>The Sales Representative indicates the Sales Rep for this Region.  Any Sales Rep must be a valid internal user.</Help>
            <Description>Sales Representative or Company Agent</Description>
            <Name>Representante Comercial</Name>
            <Placeholder/>
            <AD_Language>es_VE</AD_Language>
            <IsActive>Y</IsActive>
            <IsTranslated>N</IsTranslated>
        </AD_Field_Trl>
    </AD_Field>
    <AD_Field type="table">
        <AD_Client_ID>0</AD_Client_ID>
        <AD_Org_ID>0</AD_Org_ID>
        <Name>Record Weight</Name>
        <Description/>
        <Help/>
        <AD_Tab_ID reference="id">259</AD_Tab_ID>
        <AD_Column_ID reference="uuid" reference-key="AD_Column">62015e8a-616a-4543-8b62-38a8f8a5822a</AD_Column_ID>
        <IsDisplayed>Y</IsDisplayed>
        <DisplayLogic/>
        <DisplayLength>10</DisplayLength>
        <SeqNo>90</SeqNo>
        <SortNo/>
        <IsSameLine>N</IsSameLine>
        <IsHeading>N</IsHeading>
        <IsFieldOnly>N</IsFieldOnly>
        <IsEncrypted>N</IsEncrypted>
        <IsActive>Y</IsActive>
        <IsReadOnly>N</IsReadOnly>
        <IsCentrallyMaintained>Y</IsCentrallyMaintained>
        <AD_FieldGroup_ID reference="id"/>
        <EntityType>FTU</EntityType>
        <ObscureType/>
        <AD_Reference_ID reference="id"/>
        <IsMandatory/>
        <DefaultValue/>
        <AD_Reference_Value_ID reference="id"/>
        <AD_Val_Rule_ID reference="id"/>
        <Included_Tab_ID reference="id"/>
        <AD_Field_UU>9d2f72ed-b621-4a52-b65e-60d50ccabadc</AD_Field_UU>
        <IsAllowCopy/>
        <IsDisplayedGrid>Y</IsDisplayedGrid>
        <SeqNoGrid>350</SeqNoGrid>
        <XPosition>1</XPosition>
        <ColumnSpan>2</ColumnSpan>
        <NumLines>1</NumLines>
        <IsQuickEntry>N</IsQuickEntry>
        <IsUpdateable/>
        <IsAlwaysUpdateable/>
        <MandatoryLogic/>
        <ReadOnlyLogic/>
        <IsToolbarButton/>
        <IsDefaultFocus>N</IsDefaultFocus>
        <IsAdvancedField>N</IsAdvancedField>
        <VFormat/>
        <AD_LabelStyle_ID reference="id"/>
        <AD_FieldStyle_ID reference="id"/>
        <Placeholder/>
        <AD_Field_Trl type="translation">
            <Help/>
            <Description/>
            <Name>Registro de Peso</Name>
            <Placeholder/>
            <AD_Language>es_CO</AD_Language>
            <IsActive>Y</IsActive>
            <IsTranslated>N</IsTranslated>
        </AD_Field_Trl>
        <AD_Field_Trl type="translation">
            <Help/>
            <Description/>
            <Name>Registro de Peso</Name>
            <Placeholder/>
            <AD_Language>es_VE</AD_Language>
            <IsActive>Y</IsActive>
            <IsTranslated>N</IsTranslated>
        </AD_Field_Trl>
    </AD_Field>
    <AD_Field type="table">
        <AD_Client_ID>0</AD_Client_ID>
        <AD_Org_ID>0</AD_Org_ID>
        <Name>Manufacturing Order</Name>
        <Description>Manufacturing Order</Description>
        <Help/>
        <AD_Tab_ID reference="id">259</AD_Tab_ID>
        <AD_Column_ID reference="uuid" reference-key="AD_Column">5d214fbe-c29e-43b3-9641-1dbb2263e039</AD_Column_ID>
        <IsDisplayed>Y</IsDisplayed>
        <DisplayLogic/>
        <DisplayLength>14</DisplayLength>
        <SeqNo>100</SeqNo>
        <SortNo>0</SortNo>
        <IsSameLine>Y</IsSameLine>
        <IsHeading>N</IsHeading>
        <IsFieldOnly>N</IsFieldOnly>
        <IsEncrypted>N</IsEncrypted>
        <IsActive>Y</IsActive>
        <IsReadOnly>N</IsReadOnly>
        <IsCentrallyMaintained>Y</IsCentrallyMaintained>
        <AD_FieldGroup_ID reference="id"/>
        <EntityType>FTU</EntityType>
        <ObscureType/>
        <AD_Reference_ID reference="id"/>
        <IsMandatory/>
        <DefaultValue/>
        <AD_Reference_Value_ID reference="id"/>
        <AD_Val_Rule_ID reference="id"/>
        <Included_Tab_ID reference="id"/>
        <AD_Field_UU>762e5feb-225d-432f-a940-87b22ef3c11b</AD_Field_UU>
        <IsAllowCopy/>
        <IsDisplayedGrid>Y</IsDisplayedGrid>
        <SeqNoGrid>85</SeqNoGrid>
        <XPosition>4</XPosition>
        <ColumnSpan>2</ColumnSpan>
        <NumLines>1</NumLines>
        <IsQuickEntry>N</IsQuickEntry>
        <IsUpdateable/>
        <IsAlwaysUpdateable/>
        <MandatoryLogic/>
        <ReadOnlyLogic/>
        <IsToolbarButton/>
        <IsDefaultFocus>N</IsDefaultFocus>
        <IsAdvancedField>N</IsAdvancedField>
        <VFormat/>
        <AD_LabelStyle_ID reference="id"/>
        <AD_FieldStyle_ID reference="id"/>
        <Placeholder/>
        <AD_Field_Trl type="translation">
            <Help/>
            <Description/>
            <Name>Orden Manufactura</Name>
            <Placeholder/>
            <AD_Language>es_CO</AD_Language>
            <IsActive>Y</IsActive>
            <IsTranslated>Y</IsTranslated>
        </AD_Field_Trl>
        <AD_Field_Trl type="translation">
            <Help/>
            <Description>Manufacturing Order</Description>
            <Name>Manufacturing Order</Name>
            <Placeholder/>
            <AD_Language>es_VE</AD_Language>
            <IsActive>Y</IsActive>
            <IsTranslated>N</IsTranslated>
        </AD_Field_Trl>
    </AD_Field>
    <AD_Field type="table">
        <AD_Field_ID>54047</AD_Field_ID>
        <AD_Client_ID>0</AD_Client_ID>
        <AD_Org_ID>0</AD_Org_ID>
        <AD_Field_ID>54047</AD_Field_ID>
        <Name>Business Partner </Name>
        <Description>Identifies a Business Partner</Description>
        <Help>A Business Partner is anyone with whom you transact.  This can include Vendor, Customer, Employee or Salesperson</Help>
        <AD_Tab_ID reference="id">259</AD_Tab_ID>
        <AD_Column_ID reference="id">53974</AD_Column_ID>
        <IsDisplayed>Y</IsDisplayed>
        <DisplayLogic/>
        <DisplayLength>10</DisplayLength>
        <SeqNo>130</SeqNo>
        <SortNo>0</SortNo>
        <IsSameLine>N</IsSameLine>
        <IsHeading>N</IsHeading>
        <IsFieldOnly>N</IsFieldOnly>
        <IsEncrypted>N</IsEncrypted>
        <IsActive>Y</IsActive>
        <IsReadOnly>N</IsReadOnly>
        <IsCentrallyMaintained>Y</IsCentrallyMaintained>
        <AD_FieldGroup_ID reference="id">130</AD_FieldGroup_ID>
        <EntityType>EE01</EntityType>
        <ObscureType/>
        <AD_Reference_ID reference="id"/>
        <IsMandatory/>
        <DefaultValue/>
        <AD_Reference_Value_ID reference="id"/>
        <AD_Val_Rule_ID reference="id"/>
        <Included_Tab_ID reference="id"/>
        <AD_Field_UU>6528e1aa-b7bc-4106-98ae-05662c6888ac</AD_Field_UU>
        <IsAllowCopy/>
        <IsDisplayedGrid>Y</IsDisplayedGrid>
        <SeqNoGrid>100</SeqNoGrid>
        <XPosition>1</XPosition>
        <ColumnSpan>2</ColumnSpan>
        <NumLines>1</NumLines>
        <IsQuickEntry>N</IsQuickEntry>
        <IsUpdateable/>
        <IsAlwaysUpdateable/>
        <MandatoryLogic/>
        <ReadOnlyLogic/>
        <IsToolbarButton/>
        <IsDefaultFocus>N</IsDefaultFocus>
        <IsAdvancedField>N</IsAdvancedField>
        <VFormat/>
        <AD_LabelStyle_ID reference="id"/>
        <AD_FieldStyle_ID reference="id"/>
        <Placeholder/>
        <AD_Field_Trl type="translation">
            <Help>Un tercero es cualquiera con quien usted realiza transacciones. Este puede incluir Proveedores, Clientes, Empleados o Vendedores.</Help>
            <Description>Identifica un Tercero</Description>
            <Name>Tercero</Name>
            <Placeholder/>
            <AD_Language>es_CO</AD_Language>
            <IsActive>Y</IsActive>
            <IsTranslated>Y</IsTranslated>
        </AD_Field_Trl>
        <AD_Field_Trl type="translation">
            <Help>Un tercero es cualquiera con quien usted realiza transacciones. Este puede incluir Proveedores, Clientes, Empleados o Vendedores.</Help>
            <Description>Identifica un Tercero</Description>
            <Name>Tercero</Name>
            <Placeholder/>
            <AD_Language>es_VE</AD_Language>
            <IsActive>Y</IsActive>
            <IsTranslated>Y</IsTranslated>
        </AD_Field_Trl>
    </AD_Field>
    <AD_Field type="table">
        <AD_Field_ID>54048</AD_Field_ID>
        <AD_Client_ID>0</AD_Client_ID>
        <AD_Org_ID>0</AD_Org_ID>
        <AD_Field_ID>54048</AD_Field_ID>
        <Name>Partner Location</Name>
        <Description>Identifies the (ship to) address for this Business Partner</Description>
        <Help>The Partner address indicates the location of a Business Partner</Help>
        <AD_Tab_ID reference="id">259</AD_Tab_ID>
        <AD_Column_ID reference="id">53975</AD_Column_ID>
        <IsDisplayed>Y</IsDisplayed>
        <DisplayLogic/>
        <DisplayLength>10</DisplayLength>
        <SeqNo>140</SeqNo>
        <SortNo>0</SortNo>
        <IsSameLine>Y</IsSameLine>
        <IsHeading>N</IsHeading>
        <IsFieldOnly>N</IsFieldOnly>
        <IsEncrypted>N</IsEncrypted>
        <IsActive>Y</IsActive>
        <IsReadOnly>N</IsReadOnly>
        <IsCentrallyMaintained>Y</IsCentrallyMaintained>
        <AD_FieldGroup_ID reference="id">130</AD_FieldGroup_ID>
        <EntityType>EE01</EntityType>
        <ObscureType/>
        <AD_Reference_ID reference="id"/>
        <IsMandatory/>
        <DefaultValue/>
        <AD_Reference_Value_ID reference="id"/>
        <AD_Val_Rule_ID reference="id"/>
        <Included_Tab_ID reference="id"/>
        <AD_Field_UU>4db95ce5-88b1-45f9-8ffe-5d4390a7cccf</AD_Field_UU>
        <IsAllowCopy/>
        <IsDisplayedGrid>Y</IsDisplayedGrid>
        <SeqNoGrid>110</SeqNoGrid>
        <XPosition>4</XPosition>
        <ColumnSpan>2</ColumnSpan>
        <NumLines>1</NumLines>
        <IsQuickEntry>N</IsQuickEntry>
        <IsUpdateable/>
        <IsAlwaysUpdateable/>
        <MandatoryLogic/>
        <ReadOnlyLogic/>
        <IsToolbarButton/>
        <IsDefaultFocus>N</IsDefaultFocus>
        <IsAdvancedField>N</IsAdvancedField>
        <VFormat/>
        <AD_LabelStyle_ID reference="id"/>
        <AD_FieldStyle_ID reference="id"/>
        <Placeholder/>
        <AD_Field_Trl type="translation">
            <Help>La dirección de un tercero indica la ubicación de un tercero</Help>
            <Description>Identifica la dirección para este tercero</Description>
            <Name>Dirección del Tercero</Name>
            <Placeholder/>
            <AD_Language>es_CO</AD_Language>
            <IsActive>Y</IsActive>
            <IsTranslated>Y</IsTranslated>
        </AD_Field_Trl>
        <AD_Field_Trl type="translation">
            <Help>The Partner address indicates the location of a Business Partner</Help>
            <Description>Identifies the (ship to) address for this Business Partner</Description>
            <Name>Dirección del Tercero</Name>
            <Placeholder/>
            <AD_Language>es_VE</AD_Language>
            <IsActive>Y</IsActive>
            <IsTranslated>N</IsTranslated>
        </AD_Field_Trl>
    </AD_Field>
    <AD_Field type="table">
        <AD_Field_ID>54049</AD_Field_ID>
        <AD_Client_ID>0</AD_Client_ID>
        <AD_Org_ID>0</AD_Org_ID>
        <AD_Field_ID>54049</AD_Field_ID>
        <Name>Shipper</Name>
        <Description>Method or manner of product delivery</Description>
        <Help>The Shipper indicates the method of delivering product</Help>
        <AD_Tab_ID reference="id">259</AD_Tab_ID>
        <AD_Column_ID reference="id">53970</AD_Column_ID>
        <IsDisplayed>Y</IsDisplayed>
        <DisplayLogic/>
        <DisplayLength>10</DisplayLength>
        <SeqNo>150</SeqNo>
        <SortNo>0</SortNo>
        <IsSameLine>N</IsSameLine>
        <IsHeading>N</IsHeading>
        <IsFieldOnly>N</IsFieldOnly>
        <IsEncrypted>N</IsEncrypted>
        <IsActive>Y</IsActive>
        <IsReadOnly>N</IsReadOnly>
        <IsCentrallyMaintained>Y</IsCentrallyMaintained>
        <AD_FieldGroup_ID reference="id">130</AD_FieldGroup_ID>
        <EntityType>EE01</EntityType>
        <ObscureType/>
        <AD_Reference_ID reference="id"/>
        <IsMandatory/>
        <DefaultValue/>
        <AD_Reference_Value_ID reference="id"/>
        <AD_Val_Rule_ID reference="id"/>
        <Included_Tab_ID reference="id"/>
        <AD_Field_UU>ea323921-3215-4bd0-baeb-2074e7483cb0</AD_Field_UU>
        <IsAllowCopy/>
        <IsDisplayedGrid>Y</IsDisplayedGrid>
        <SeqNoGrid>120</SeqNoGrid>
        <XPosition>1</XPosition>
        <ColumnSpan>2</ColumnSpan>
        <NumLines>1</NumLines>
        <IsQuickEntry>N</IsQuickEntry>
        <IsUpdateable/>
        <IsAlwaysUpdateable/>
        <MandatoryLogic/>
        <ReadOnlyLogic/>
        <IsToolbarButton/>
        <IsDefaultFocus>N</IsDefaultFocus>
        <IsAdvancedField>N</IsAdvancedField>
        <VFormat/>
        <AD_LabelStyle_ID reference="id"/>
        <AD_FieldStyle_ID reference="id"/>
        <Placeholder/>
        <AD_Field_Trl type="translation">
            <Help>El transportista indica el responsable de entregar el producto</Help>
            <Description>Método o manera de entrega del producto</Description>
            <Name>Transportista</Name>
            <Placeholder/>
            <AD_Language>es_CO</AD_Language>
            <IsActive>Y</IsActive>
            <IsTranslated>Y</IsTranslated>
        </AD_Field_Trl>
        <AD_Field_Trl type="translation">
            <Help>The Shipper indicates the method of delivering product</Help>
            <Description>Method or manner of product delivery</Description>
            <Name>Transportista</Name>
            <Placeholder/>
            <AD_Language>es_VE</AD_Language>
            <IsActive>Y</IsActive>
            <IsTranslated>N</IsTranslated>
        </AD_Field_Trl>
    </AD_Field>
    <AD_Field type="table">
        <AD_Field_ID>54050</AD_Field_ID>
        <AD_Client_ID>0</AD_Client_ID>
        <AD_Org_ID>0</AD_Org_ID>
        <AD_Field_ID>54050</AD_Field_ID>
        <Name>User/Contact</Name>
        <Description>User within the system - Internal or Business Partner Contact</Description>
        <Help>The User identifies a unique user in the system. This could be an internal user or a business partner contact</Help>
        <AD_Tab_ID reference="id">259</AD_Tab_ID>
        <AD_Column_ID reference="id">53973</AD_Column_ID>
        <IsDisplayed>Y</IsDisplayed>
        <DisplayLogic/>
        <DisplayLength>10</DisplayLength>
        <SeqNo>160</SeqNo>
        <SortNo>0</SortNo>
        <IsSameLine>Y</IsSameLine>
        <IsHeading>N</IsHeading>
        <IsFieldOnly>N</IsFieldOnly>
        <IsEncrypted>N</IsEncrypted>
        <IsActive>Y</IsActive>
        <IsReadOnly>N</IsReadOnly>
        <IsCentrallyMaintained>Y</IsCentrallyMaintained>
        <AD_FieldGroup_ID reference="id">130</AD_FieldGroup_ID>
        <EntityType>EE01</EntityType>
        <ObscureType/>
        <AD_Reference_ID reference="id"/>
        <IsMandatory/>
        <DefaultValue/>
        <AD_Reference_Value_ID reference="id"/>
        <AD_Val_Rule_ID reference="id"/>
        <Included_Tab_ID reference="id"/>
        <AD_Field_UU>66da96e9-8881-4420-a15f-865ddf77dc4c</AD_Field_UU>
        <IsAllowCopy/>
        <IsDisplayedGrid>Y</IsDisplayedGrid>
        <SeqNoGrid>130</SeqNoGrid>
        <XPosition>4</XPosition>
        <ColumnSpan>2</ColumnSpan>
        <NumLines>1</NumLines>
        <IsQuickEntry>N</IsQuickEntry>
        <IsUpdateable/>
        <IsAlwaysUpdateable/>
        <MandatoryLogic/>
        <ReadOnlyLogic/>
        <IsToolbarButton/>
        <IsDefaultFocus>N</IsDefaultFocus>
        <IsAdvancedField>N</IsAdvancedField>
        <VFormat/>
        <AD_LabelStyle_ID reference="id"/>
        <AD_FieldStyle_ID reference="id"/>
        <Placeholder/>
        <AD_Field_Trl type="translation">
            <Help>La ID de usuario identifica un usuario único en el sistema</Help>
            <Description>ID de Usuario dentro del sistema</Description>
            <Name>Usuario</Name>
            <Placeholder/>
            <AD_Language>es_CO</AD_Language>
            <IsActive>Y</IsActive>
            <IsTranslated>N</IsTranslated>
        </AD_Field_Trl>
        <AD_Field_Trl type="translation">
            <Help>The User identifies a unique user in the system. This could be an internal user or a business partner contact</Help>
            <Description>User within the system - Internal or Business Partner Contact</Description>
            <Name>Usuario</Name>
            <Placeholder/>
            <AD_Language>es_VE</AD_Language>
            <IsActive>Y</IsActive>
            <IsTranslated>N</IsTranslated>
        </AD_Field_Trl>
    </AD_Field>
    <AD_Field type="table">
        <AD_Field_ID>54051</AD_Field_ID>
        <AD_Client_ID>0</AD_Client_ID>
        <AD_Org_ID>0</AD_Org_ID>
        <AD_Field_ID>54051</AD_Field_ID>
        <Name>Delivery Via</Name>
        <Description>How the order will be delivered</Description>
        <Help>The Delivery Via indicates how the products should be delivered. For example, will the order be picked up or shipped.</Help>
        <AD_Tab_ID reference="id">259</AD_Tab_ID>
        <AD_Column_ID reference="id">53981</AD_Column_ID>
        <IsDisplayed>Y</IsDisplayed>
        <DisplayLogic/>
        <DisplayLength>1</DisplayLength>
        <SeqNo>170</SeqNo>
        <SortNo>0</SortNo>
        <IsSameLine>N</IsSameLine>
        <IsHeading>N</IsHeading>
        <IsFieldOnly>N</IsFieldOnly>
        <IsEncrypted>N</IsEncrypted>
        <IsActive>Y</IsActive>
        <IsReadOnly>N</IsReadOnly>
        <IsCentrallyMaintained>Y</IsCentrallyMaintained>
        <AD_FieldGroup_ID reference="id">130</AD_FieldGroup_ID>
        <EntityType>EE01</EntityType>
        <ObscureType/>
        <AD_Reference_ID reference="id"/>
        <IsMandatory/>
        <DefaultValue/>
        <AD_Reference_Value_ID reference="id"/>
        <AD_Val_Rule_ID reference="id"/>
        <Included_Tab_ID reference="id"/>
        <AD_Field_UU>3482e471-3b71-42e4-a313-cdff9b6ce6ad</AD_Field_UU>
        <IsAllowCopy/>
        <IsDisplayedGrid>Y</IsDisplayedGrid>
        <SeqNoGrid>140</SeqNoGrid>
        <XPosition>1</XPosition>
        <ColumnSpan>2</ColumnSpan>
        <NumLines>1</NumLines>
        <IsQuickEntry>N</IsQuickEntry>
        <IsUpdateable/>
        <IsAlwaysUpdateable/>
        <MandatoryLogic/>
        <ReadOnlyLogic/>
        <IsToolbarButton/>
        <IsDefaultFocus>N</IsDefaultFocus>
        <IsAdvancedField>N</IsAdvancedField>
        <VFormat/>
        <AD_LabelStyle_ID reference="id"/>
        <AD_FieldStyle_ID reference="id"/>
        <Placeholder/>
        <AD_Field_Trl type="translation">
            <Help>La vía de entrega indica como el producto debería ser entregado. Por Ej. Si la orden será recogida o embarcada.</Help>
            <Description>Como será entregada la orden</Description>
            <Name>Vía de Entrega</Name>
            <Placeholder/>
            <AD_Language>es_CO</AD_Language>
            <IsActive>Y</IsActive>
            <IsTranslated>Y</IsTranslated>
        </AD_Field_Trl>
        <AD_Field_Trl type="translation">
            <Help>The Delivery Via indicates how the products should be delivered. For example, will the order be picked up or shipped.</Help>
            <Description>How the order will be delivered</Description>
            <Name>Vía de Entrega</Name>
            <Placeholder/>
            <AD_Language>es_VE</AD_Language>
            <IsActive>Y</IsActive>
            <IsTranslated>N</IsTranslated>
        </AD_Field_Trl>
    </AD_Field>
    <AD_Field type="table">
        <AD_Field_ID>54052</AD_Field_ID>
        <AD_Client_ID>0</AD_Client_ID>
        <AD_Org_ID>0</AD_Org_ID>
        <AD_Field_ID>54052</AD_Field_ID>
        <Name>Delivery Rule</Name>
        <Description>Defines the timing of Delivery</Description>
        <Help>The Delivery Rule indicates when an order should be delivered. For example should the order be delivered when the entire order is complete, when a line is complete or as the products become available.</Help>
        <AD_Tab_ID reference="id">259</AD_Tab_ID>
        <AD_Column_ID reference="id">53980</AD_Column_ID>
        <IsDisplayed>Y</IsDisplayed>
        <DisplayLogic/>
        <DisplayLength>1</DisplayLength>
        <SeqNo>180</SeqNo>
        <SortNo>0</SortNo>
        <IsSameLine>Y</IsSameLine>
        <IsHeading>N</IsHeading>
        <IsFieldOnly>N</IsFieldOnly>
        <IsEncrypted>N</IsEncrypted>
        <IsActive>Y</IsActive>
        <IsReadOnly>N</IsReadOnly>
        <IsCentrallyMaintained>Y</IsCentrallyMaintained>
        <AD_FieldGroup_ID reference="id">130</AD_FieldGroup_ID>
        <EntityType>EE01</EntityType>
        <ObscureType/>
        <AD_Reference_ID reference="id"/>
        <IsMandatory/>
        <DefaultValue/>
        <AD_Reference_Value_ID reference="id"/>
        <AD_Val_Rule_ID reference="id"/>
        <Included_Tab_ID reference="id"/>
        <AD_Field_UU>e1114fa6-ea57-4a67-834f-29f06972f562</AD_Field_UU>
        <IsAllowCopy/>
        <IsDisplayedGrid>Y</IsDisplayedGrid>
        <SeqNoGrid>150</SeqNoGrid>
        <XPosition>4</XPosition>
        <ColumnSpan>2</ColumnSpan>
        <NumLines>1</NumLines>
        <IsQuickEntry>N</IsQuickEntry>
        <IsUpdateable/>
        <IsAlwaysUpdateable/>
        <MandatoryLogic/>
        <ReadOnlyLogic/>
        <IsToolbarButton/>
        <IsDefaultFocus>N</IsDefaultFocus>
        <IsAdvancedField>N</IsAdvancedField>
        <VFormat/>
        <AD_LabelStyle_ID reference="id"/>
        <AD_FieldStyle_ID reference="id"/>
        <Placeholder/>
        <AD_Field_Trl type="translation">
            <Help>La Regla de Entrega indica cuando una orden debe ser entregada. Por Ej. Si la orden debiera entregarse cuando está completa; cuando una partida está completa o cuando el producto llega a estar disponible.</Help>
            <Description>Define los tiempos de entrega</Description>
            <Name>Regla de Entrega</Name>
            <Placeholder/>
            <AD_Language>es_CO</AD_Language>
            <IsActive>Y</IsActive>
            <IsTranslated>Y</IsTranslated>
        </AD_Field_Trl>
        <AD_Field_Trl type="translation">
            <Help>The Delivery Rule indicates when an order should be delivered. For example should the order be delivered when the entire order is complete, when a line is complete or as the products become available.</Help>
            <Description>Defines the timing of Delivery</Description>
            <Name>Regla de Entrega</Name>
            <Placeholder/>
            <AD_Language>es_VE</AD_Language>
            <IsActive>Y</IsActive>
            <IsTranslated>N</IsTranslated>
        </AD_Field_Trl>
    </AD_Field>
    <AD_Field type="table">
        <AD_Field_ID>54053</AD_Field_ID>
        <AD_Client_ID>0</AD_Client_ID>
        <AD_Org_ID>0</AD_Org_ID>
        <AD_Field_ID>54053</AD_Field_ID>
        <Name>Priority</Name>
        <Description>Priority of a document</Description>
        <Help>The Priority indicates the importance (high, medium, low) of this document</Help>
        <AD_Tab_ID reference="id">259</AD_Tab_ID>
        <AD_Column_ID reference="id">53971</AD_Column_ID>
        <IsDisplayed>Y</IsDisplayed>
        <DisplayLogic/>
        <DisplayLength>1</DisplayLength>
        <SeqNo>190</SeqNo>
        <SortNo>0</SortNo>
        <IsSameLine>N</IsSameLine>
        <IsHeading>N</IsHeading>
        <IsFieldOnly>N</IsFieldOnly>
        <IsEncrypted>N</IsEncrypted>
        <IsActive>Y</IsActive>
        <IsReadOnly>N</IsReadOnly>
        <IsCentrallyMaintained>Y</IsCentrallyMaintained>
        <AD_FieldGroup_ID reference="id">130</AD_FieldGroup_ID>
        <EntityType>EE01</EntityType>
        <ObscureType/>
        <AD_Reference_ID reference="id"/>
        <IsMandatory/>
        <DefaultValue/>
        <AD_Reference_Value_ID reference="id"/>
        <AD_Val_Rule_ID reference="id"/>
        <Included_Tab_ID reference="id"/>
        <AD_Field_UU>6f9c9e74-a2cf-4491-9093-876fec78cf67</AD_Field_UU>
        <IsAllowCopy/>
        <IsDisplayedGrid>Y</IsDisplayedGrid>
        <SeqNoGrid>160</SeqNoGrid>
        <XPosition>1</XPosition>
        <ColumnSpan>2</ColumnSpan>
        <NumLines>1</NumLines>
        <IsQuickEntry>N</IsQuickEntry>
        <IsUpdateable/>
        <IsAlwaysUpdateable/>
        <MandatoryLogic/>
        <ReadOnlyLogic/>
        <IsToolbarButton/>
        <IsDefaultFocus>N</IsDefaultFocus>
        <IsAdvancedField>N</IsAdvancedField>
        <VFormat/>
        <AD_LabelStyle_ID reference="id"/>
        <AD_FieldStyle_ID reference="id"/>
        <Placeholder/>
        <AD_Field_Trl type="translation">
            <Help>La prioridad indica la importancia (alta; media; baja) de este documento</Help>
            <Description>Prioridad de un documento</Description>
            <Name>Prioridad</Name>
            <Placeholder/>
            <AD_Language>es_CO</AD_Language>
            <IsActive>Y</IsActive>
            <IsTranslated>Y</IsTranslated>
        </AD_Field_Trl>
        <AD_Field_Trl type="translation">
            <Help>The Priority indicates the importance (high, medium, low) of this document</Help>
            <Description>Priority of a document</Description>
            <Name>Prioridad</Name>
            <Placeholder/>
            <AD_Language>es_VE</AD_Language>
            <IsActive>Y</IsActive>
            <IsTranslated>N</IsTranslated>
        </AD_Field_Trl>
    </AD_Field>
    <AD_Field type="table">
        <AD_Field_ID>54054</AD_Field_ID>
        <AD_Client_ID>0</AD_Client_ID>
        <AD_Org_ID>0</AD_Org_ID>
        <AD_Field_ID>54054</AD_Field_ID>
        <Name>Freight Cost Rule</Name>
        <Description>Method for charging Freight</Description>
        <Help>The Freight Cost Rule indicates the method used when charging for freight.</Help>
        <AD_Tab_ID reference="id">259</AD_Tab_ID>
        <AD_Column_ID reference="id">53969</AD_Column_ID>
        <IsDisplayed>Y</IsDisplayed>
        <DisplayLogic/>
        <DisplayLength>1</DisplayLength>
        <SeqNo>200</SeqNo>
        <SortNo>0</SortNo>
        <IsSameLine>Y</IsSameLine>
        <IsHeading>N</IsHeading>
        <IsFieldOnly>N</IsFieldOnly>
        <IsEncrypted>N</IsEncrypted>
        <IsActive>Y</IsActive>
        <IsReadOnly>N</IsReadOnly>
        <IsCentrallyMaintained>Y</IsCentrallyMaintained>
        <AD_FieldGroup_ID reference="id">130</AD_FieldGroup_ID>
        <EntityType>EE01</EntityType>
        <ObscureType/>
        <AD_Reference_ID reference="id"/>
        <IsMandatory/>
        <DefaultValue/>
        <AD_Reference_Value_ID reference="id"/>
        <AD_Val_Rule_ID reference="id"/>
        <Included_Tab_ID reference="id"/>
        <AD_Field_UU>31be82ba-07f6-46e3-9315-476e529b9998</AD_Field_UU>
        <IsAllowCopy/>
        <IsDisplayedGrid>Y</IsDisplayedGrid>
        <SeqNoGrid>170</SeqNoGrid>
        <XPosition>4</XPosition>
        <ColumnSpan>2</ColumnSpan>
        <NumLines>1</NumLines>
        <IsQuickEntry>N</IsQuickEntry>
        <IsUpdateable/>
        <IsAlwaysUpdateable/>
        <MandatoryLogic/>
        <ReadOnlyLogic/>
        <IsToolbarButton/>
        <IsDefaultFocus>N</IsDefaultFocus>
        <IsAdvancedField>N</IsAdvancedField>
        <VFormat/>
        <AD_LabelStyle_ID reference="id"/>
        <AD_FieldStyle_ID reference="id"/>
        <Placeholder/>
        <AD_Field_Trl type="translation">
            <Help>La regla de costo de flete indica el método usado para cargar los fletes.</Help>
            <Description>Método para cargar el flete</Description>
            <Name>Regla de Costo de Flete</Name>
            <Placeholder/>
            <AD_Language>es_CO</AD_Language>
            <IsActive>Y</IsActive>
            <IsTranslated>N</IsTranslated>
        </AD_Field_Trl>
        <AD_Field_Trl type="translation">
            <Help>The Freight Cost Rule indicates the method used when charging for freight.</Help>
            <Description>Method for charging Freight</Description>
            <Name>Regla de Costo de Flete</Name>
            <Placeholder/>
            <AD_Language>es_VE</AD_Language>
            <IsActive>Y</IsActive>
            <IsTranslated>N</IsTranslated>
        </AD_Field_Trl>
    </AD_Field>
    <AD_Field type="table">
        <AD_Client_ID>0</AD_Client_ID>
        <AD_Org_ID>0</AD_Org_ID>
        <Name>Generate Movement Automatic</Name>
        <Description/>
        <Help/>
        <AD_Tab_ID reference="id">167</AD_Tab_ID>
        <AD_Column_ID reference="uuid" reference-key="AD_Column">e424ef0d-5065-4ba3-9644-032c15c2ac1f</AD_Column_ID>
        <IsDisplayed>Y</IsDisplayed>
        <DisplayLogic>@DocBaseType@='MOP' | @DocBaseType@= 'DOO'</DisplayLogic>
        <DisplayLength>1</DisplayLength>
        <SeqNo>220</SeqNo>
        <SortNo/>
        <IsSameLine>N</IsSameLine>
        <IsHeading>N</IsHeading>
        <IsFieldOnly>N</IsFieldOnly>
        <IsEncrypted>N</IsEncrypted>
        <IsActive>Y</IsActive>
        <IsReadOnly>N</IsReadOnly>
        <IsCentrallyMaintained>Y</IsCentrallyMaintained>
        <AD_FieldGroup_ID reference="id"/>
        <EntityType>FTU</EntityType>
        <ObscureType/>
        <AD_Reference_ID reference="id"/>
        <IsMandatory/>
        <DefaultValue/>
        <AD_Reference_Value_ID reference="id"/>
        <AD_Val_Rule_ID reference="id"/>
        <Included_Tab_ID reference="id"/>
        <AD_Field_UU>3f4140d1-7705-40b8-81b6-8fee32fba016</AD_Field_UU>
        <IsAllowCopy/>
        <IsDisplayedGrid>Y</IsDisplayedGrid>
        <SeqNoGrid>330</SeqNoGrid>
        <XPosition>2</XPosition>
        <ColumnSpan>2</ColumnSpan>
        <NumLines>1</NumLines>
        <IsQuickEntry>N</IsQuickEntry>
        <IsUpdateable/>
        <IsAlwaysUpdateable/>
        <MandatoryLogic/>
        <ReadOnlyLogic/>
        <IsToolbarButton/>
        <IsDefaultFocus>N</IsDefaultFocus>
        <IsAdvancedField>N</IsAdvancedField>
        <VFormat/>
        <AD_LabelStyle_ID reference="id"/>
        <AD_FieldStyle_ID reference="id"/>
        <Placeholder/>
        <AD_Field_Trl type="translation">
            <Help/>
            <Description/>
            <Name>Generar Movimiento Automático</Name>
            <Placeholder/>
            <AD_Language>es_CO</AD_Language>
            <IsActive>Y</IsActive>
            <IsTranslated>N</IsTranslated>
        </AD_Field_Trl>
        <AD_Field_Trl type="translation">
            <Help/>
            <Description/>
            <Name>Generar Movimiento Automático</Name>
            <Placeholder/>
            <AD_Language>es_VE</AD_Language>
            <IsActive>Y</IsActive>
            <IsTranslated>N</IsTranslated>
        </AD_Field_Trl>
    </AD_Field>
</idempiere>
