<?xml version="1.0" encoding="UTF-8"?><idempiere Name="2Pack_1.3.3_ProcessMovQA" Version="1.3.3" idempiereVersion="" DataBaseVersion="" Description="" Author="" AuthorEmail="jcolmenarez@frontuari.net" CreatedDate="2024-07-30 21:37:48.345" UpdatedDate="2024-07-30 21:37:48.345" PackOutVersion="100" UpdateDictionary="false" Client="0-SYSTEM-System" AD_Client_UU="11237b53-9592-4af1-b3c5-afd216514b5d">
    <AD_Process type="table">
        <AD_Client_ID>0</AD_Client_ID>
        <AD_Org_ID>0</AD_Org_ID>
        <AD_Org_ID reference="id">0</AD_Org_ID>
        <IsActive>Y</IsActive>
        <Name>Generate Movement from Quality Analysis</Name>
        <Description>Generate Movement from Quality Analysis</Description>
        <Help/>
        <ProcedureName/>
        <IsReport>N</IsReport>
        <Value>prc_GenerateMovementFromAnalysis</Value>
        <IsDirectPrint>N</IsDirectPrint>
        <AD_ReportView_ID reference="id"/>
        <Classname>net.frontuari.recordweight.process.GenerateMovementFromAnalysis</Classname>
        <AccessLevel>3</AccessLevel>
        <EntityType>FTURW</EntityType>
        <Statistic_Count>24</Statistic_Count>
        <Statistic_Seconds>58</Statistic_Seconds>
        <AD_PrintFormat_ID reference="id"/>
        <WorkflowValue/>
        <AD_Workflow_ID reference="id"/>
        <IsBetaFunctionality>N</IsBetaFunctionality>
        <ShowHelp>Y</ShowHelp>
        <JasperReport/>
        <AD_Form_ID reference="id"/>
        <CopyFromProcess>N</CopyFromProcess>
        <AD_Process_UU>c22ea340-8b9d-4f4e-ac12-7661c95764b3</AD_Process_UU>
        <AD_CtxHelp_ID reference="id"/>
        <ExecutionType/>
        <AllowMultipleExecution>P</AllowMultipleExecution>
        <FileNamePattern/>
        <AD_Process_Trl type="translation">
            <Description>Generar Movimiento desde Analisis</Description>
            <Help/>
            <Name>Generar Movimiento desde Analisis</Name>
            <AD_Language>es_CO</AD_Language>
            <IsActive>Y</IsActive>
            <IsTranslated>N</IsTranslated>
        </AD_Process_Trl>
        <AD_Process_Trl type="translation">
            <Description>Generar Movimiento desde Analisis</Description>
            <Help/>
            <Name>Generar Movimiento desde Analisis</Name>
            <AD_Language>es_VE</AD_Language>
            <IsActive>Y</IsActive>
            <IsTranslated>N</IsTranslated>
        </AD_Process_Trl>
        <AD_Element type="table">
            <AD_Client_ID>0</AD_Client_ID>
            <AD_Org_ID>0</AD_Org_ID>
            <AD_Org_ID reference="id">0</AD_Org_ID>
            <IsActive>Y</IsActive>
            <ColumnName>C_DocTypeMovement_ID</ColumnName>
            <Name>Document Type for Movement</Name>
            <Description>Document type used for movement generated from this order manufactory document</Description>
            <Help>The Document Type for Movement indicates the document type that will be used when an movement is generated from this orden manufactory document.  This field will display only when the base document type is Manufactory Order.</Help>
            <PrintName>Doc Type Movement</PrintName>
            <PO_Description/>
            <PO_Help/>
            <PO_Name/>
            <PO_PrintName/>
            <EntityType>FTURW</EntityType>
            <AD_Element_UU>e251a74d-a854-4f7f-85c0-32dd968d869c</AD_Element_UU>
            <Placeholder/>
            <AD_Element_Trl type="translation">
                <Description>Tipo del documento usado para movimientos generadas desde este documento de orden de manufacturas</Description>
                <Help>El Tipo de documento para movimiento indica el tipo de documento que será usado cuando un movimiento se genera desde este documento de orden de manufactura. Este campo se desplegará solamente cuando el tipo de documento base sea orden de manufactura</Help>
                <Name>Tipo de Documento para el Movimiento</Name>
                <PO_Description/>
                <PO_Help/>
                <PO_Name/>
                <PO_PrintName/>
                <Placeholder/>
                <PrintName>Tipo de Documento para el Movimiento</PrintName>
                <AD_Language>es_CO</AD_Language>
                <IsActive>Y</IsActive>
                <IsTranslated>N</IsTranslated>
            </AD_Element_Trl>
            <AD_Element_Trl type="translation">
                <Description>Tipo del documento usado para movimientos generadas desde este documento de orden de manufacturas</Description>
                <Help>El Tipo de documento para movimiento indica el tipo de documento que será usado cuando un movimiento se genera desde este documento de orden de manufactura. Este campo se desplegará solamente cuando el tipo de documento base sea orden de manufactura</Help>
                <Name>Tipo de Documento para el Movimiento</Name>
                <PO_Description/>
                <PO_Help/>
                <PO_Name/>
                <PO_PrintName/>
                <Placeholder/>
                <PrintName>Tipo de Documento para el Movimiento</PrintName>
                <AD_Language>es_VE</AD_Language>
                <IsActive>Y</IsActive>
                <IsTranslated>N</IsTranslated>
            </AD_Element_Trl>
        </AD_Element>
        <AD_Process_Para type="table">
            <AD_Client_ID>0</AD_Client_ID>
            <AD_Org_ID>0</AD_Org_ID>
            <AD_Org_ID reference="id">0</AD_Org_ID>
            <IsActive>Y</IsActive>
            <Name>Document Type for Movement</Name>
            <Description>Document type used for movement generated from this order manufactory document</Description>
            <Help>The Document Type for Movement indicates the document type that will be used when an movement is generated from this orden manufactory document.  This field will display only when the base document type is Manufactory Order.</Help>
            <AD_Process_ID reference="uuid" reference-key="AD_Process">c22ea340-8b9d-4f4e-ac12-7661c95764b3</AD_Process_ID>
            <SeqNo>10</SeqNo>
            <AD_Reference_ID reference="id">18</AD_Reference_ID>
            <AD_Reference_Value_ID reference="id">170</AD_Reference_Value_ID>
            <IsRange>N</IsRange>
            <AD_Val_Rule_ID reference="id">201</AD_Val_Rule_ID>
            <FieldLength>0</FieldLength>
            <IsMandatory>Y</IsMandatory>
            <DefaultValue/>
            <VFormat/>
            <ValueMin/>
            <ValueMax/>
            <ColumnName>C_DocTypeMovement_ID</ColumnName>
            <DefaultValue2/>
            <IsCentrallyMaintained>Y</IsCentrallyMaintained>
            <EntityType>FTURW</EntityType>
            <AD_Element_ID reference="uuid" reference-key="AD_Element">e251a74d-a854-4f7f-85c0-32dd968d869c</AD_Element_ID>
            <ReadOnlyLogic/>
            <DisplayLogic/>
            <AD_Process_Para_UU>37c9085a-d48c-4dc9-8966-0f6f3c446fb6</AD_Process_Para_UU>
            <IsEncrypted>N</IsEncrypted>
            <MandatoryLogic/>
            <Query/>
            <AD_FieldGroup_ID reference="id"/>
            <Placeholder/>
            <Placeholder2/>
            <IsAutocomplete>N</IsAutocomplete>
            <DateRangeOption>D</DateRangeOption>
            <IsShowNegateButton>N</IsShowNegateButton>
            <AD_Process_Para_Trl type="translation">
                <Description>Tipo del documento usado para movimientos generadas desde este documento de orden de manufacturas</Description>
                <Help>El Tipo de documento para movimiento indica el tipo de documento que será usado cuando un movimiento se genera desde este documento de orden de manufactura. Este campo se desplegará solamente cuando el tipo de documento base sea orden de manufactura</Help>
                <Name>Tipo de Documento para el Movimiento</Name>
                <Placeholder/>
                <Placeholder2/>
                <AD_Language>es_CO</AD_Language>
                <IsActive>Y</IsActive>
                <IsTranslated>N</IsTranslated>
            </AD_Process_Para_Trl>
            <AD_Process_Para_Trl type="translation">
                <Description>Tipo del documento usado para movimientos generadas desde este documento de orden de manufacturas</Description>
                <Help>El Tipo de documento para movimiento indica el tipo de documento que será usado cuando un movimiento se genera desde este documento de orden de manufactura. Este campo se desplegará solamente cuando el tipo de documento base sea orden de manufactura</Help>
                <Name>Tipo de Documento para el Movimiento</Name>
                <Placeholder/>
                <Placeholder2/>
                <AD_Language>es_VE</AD_Language>
                <IsActive>Y</IsActive>
                <IsTranslated>N</IsTranslated>
            </AD_Process_Para_Trl>
        </AD_Process_Para>
        <AD_Val_Rule type="table">
            <AD_Client_ID>0</AD_Client_ID>
            <AD_Org_ID>0</AD_Org_ID>
            <Name>M_Locator from Warehouse of InOut and Not Locator InOutLines</Name>
            <Description/>
            <Type>S</Type>
            <Code>M_Locator.M_Warehouse_ID = @M_Warehouse_ID@ AND M_Locator.M_Locator_ID &lt;&gt; @M_Locator_ID@</Code>
            <AD_Org_ID reference="id">0</AD_Org_ID>
            <IsActive>Y</IsActive>
            <EntityType>FTURW</EntityType>
            <AD_Val_Rule_UU>bae10885-bda6-46a2-af2e-1ea1c4aaedfe</AD_Val_Rule_UU>
        </AD_Val_Rule>
        <AD_Process_Para type="table">
            <AD_Client_ID>0</AD_Client_ID>
            <AD_Org_ID>0</AD_Org_ID>
            <AD_Org_ID reference="id">0</AD_Org_ID>
            <IsActive>Y</IsActive>
            <Name>Locator To</Name>
            <Description>Location inventory is moved to</Description>
            <Help>The Locator To indicates the location where the inventory is being moved to.</Help>
            <AD_Process_ID reference="uuid" reference-key="AD_Process">c22ea340-8b9d-4f4e-ac12-7661c95764b3</AD_Process_ID>
            <SeqNo>20</SeqNo>
            <AD_Reference_ID reference="id">30</AD_Reference_ID>
            <AD_Reference_Value_ID reference="id">191</AD_Reference_Value_ID>
            <IsRange>N</IsRange>
            <AD_Val_Rule_ID reference="uuid" reference-key="AD_Val_Rule">bae10885-bda6-46a2-af2e-1ea1c4aaedfe</AD_Val_Rule_ID>
            <FieldLength>0</FieldLength>
            <IsMandatory>Y</IsMandatory>
            <DefaultValue/>
            <VFormat/>
            <ValueMin/>
            <ValueMax/>
            <ColumnName>M_LocatorTo_ID</ColumnName>
            <DefaultValue2/>
            <IsCentrallyMaintained>Y</IsCentrallyMaintained>
            <EntityType>FTURW</EntityType>
            <AD_Element_ID reference="id">1029</AD_Element_ID>
            <ReadOnlyLogic/>
            <DisplayLogic/>
            <AD_Process_Para_UU>0f69a90e-6da7-4533-b81d-95d04bff8e4d</AD_Process_Para_UU>
            <IsEncrypted>N</IsEncrypted>
            <MandatoryLogic/>
            <Query/>
            <AD_FieldGroup_ID reference="id"/>
            <Placeholder/>
            <Placeholder2/>
            <IsAutocomplete>N</IsAutocomplete>
            <DateRangeOption>D</DateRangeOption>
            <IsShowNegateButton>N</IsShowNegateButton>
            <AD_Process_Para_Trl type="translation">
                <Description>Ubicación a la que se mueve el inventario.</Description>
                <Help>La Ubicación A indica la ubicación a donde el inventario está siendo movido.</Help>
                <Name>A Ubicación</Name>
                <Placeholder/>
                <Placeholder2/>
                <AD_Language>es_CO</AD_Language>
                <IsActive>Y</IsActive>
                <IsTranslated>Y</IsTranslated>
            </AD_Process_Para_Trl>
            <AD_Process_Para_Trl type="translation">
                <Description>Ubicación a la que se mueve el inventario.</Description>
                <Help>La Ubicación A indica la ubicación a donde el inventario está siendo movido.</Help>
                <Name>A Ubicación</Name>
                <Placeholder/>
                <Placeholder2/>
                <AD_Language>es_VE</AD_Language>
                <IsActive>Y</IsActive>
                <IsTranslated>N</IsTranslated>
            </AD_Process_Para_Trl>
        </AD_Process_Para>
        <AD_Process_Para type="table">
            <AD_Client_ID>0</AD_Client_ID>
            <AD_Org_ID>0</AD_Org_ID>
            <AD_Org_ID reference="id">0</AD_Org_ID>
            <IsActive>Y</IsActive>
            <Name>Movement Quantity</Name>
            <Description>Quantity of a product moved.</Description>
            <Help>The Movement Quantity indicates the quantity of a product that has been moved.</Help>
            <AD_Process_ID reference="uuid" reference-key="AD_Process">c22ea340-8b9d-4f4e-ac12-7661c95764b3</AD_Process_ID>
            <SeqNo>30</SeqNo>
            <AD_Reference_ID reference="id">29</AD_Reference_ID>
            <AD_Reference_Value_ID reference="id"/>
            <IsRange>N</IsRange>
            <AD_Val_Rule_ID reference="id"/>
            <FieldLength>10</FieldLength>
            <IsMandatory>Y</IsMandatory>
            <DefaultValue>@M_InOutLine.MovementQty@</DefaultValue>
            <VFormat/>
            <ValueMin/>
            <ValueMax/>
            <ColumnName>MovementQty</ColumnName>
            <DefaultValue2/>
            <IsCentrallyMaintained>Y</IsCentrallyMaintained>
            <EntityType>FTURW</EntityType>
            <AD_Element_ID reference="id">1038</AD_Element_ID>
            <ReadOnlyLogic/>
            <DisplayLogic/>
            <AD_Process_Para_UU>5884186b-a1c2-4255-945f-523dcf756bda</AD_Process_Para_UU>
            <IsEncrypted>N</IsEncrypted>
            <MandatoryLogic/>
            <Query/>
            <AD_FieldGroup_ID reference="id"/>
            <Placeholder/>
            <Placeholder2/>
            <IsAutocomplete>N</IsAutocomplete>
            <DateRangeOption>D</DateRangeOption>
            <IsShowNegateButton>N</IsShowNegateButton>
            <AD_Process_Para_Trl type="translation">
                <Description>Cantidad de un producto movido</Description>
                <Help>La Cantidad del Movimiento indica la cantidad de un producto que ha sido movido</Help>
                <Name>Cantidad del Movimiento</Name>
                <Placeholder/>
                <Placeholder2/>
                <AD_Language>es_CO</AD_Language>
                <IsActive>Y</IsActive>
                <IsTranslated>Y</IsTranslated>
            </AD_Process_Para_Trl>
            <AD_Process_Para_Trl type="translation">
                <Description>Cantidad de un producto movido</Description>
                <Help>La Cantidad del Movimiento indica la cantidad de un producto que ha sido movido</Help>
                <Name>Cantidad del Movimiento</Name>
                <Placeholder/>
                <Placeholder2/>
                <AD_Language>es_VE</AD_Language>
                <IsActive>Y</IsActive>
                <IsTranslated>N</IsTranslated>
            </AD_Process_Para_Trl>
        </AD_Process_Para>
        <AD_Val_Rule type="table">
            <AD_Client_ID>0</AD_Client_ID>
            <AD_Org_ID>0</AD_Org_ID>
            <Name>Document Action PR, CO</Name>
            <Description>Document Actions used on Process</Description>
            <Type>S</Type>
            <Code>AD_Ref_List.Value IN ('PR','CO')</Code>
            <AD_Org_ID reference="id">0</AD_Org_ID>
            <IsActive>Y</IsActive>
            <EntityType>FTURW</EntityType>
            <AD_Val_Rule_UU>5b38c4f0-fcc7-43d1-a22c-3e2895a428f8</AD_Val_Rule_UU>
        </AD_Val_Rule>
        <AD_Process_Para type="table">
            <AD_Client_ID>0</AD_Client_ID>
            <AD_Org_ID>0</AD_Org_ID>
            <AD_Org_ID reference="id">0</AD_Org_ID>
            <IsActive>Y</IsActive>
            <Name>Document Action</Name>
            <Description>The targeted status of the document</Description>
            <Help>You find the current status in the Document Status field. The options are listed in a popup</Help>
            <AD_Process_ID reference="uuid" reference-key="AD_Process">c22ea340-8b9d-4f4e-ac12-7661c95764b3</AD_Process_ID>
            <SeqNo>40</SeqNo>
            <AD_Reference_ID reference="id">17</AD_Reference_ID>
            <AD_Reference_Value_ID reference="id">135</AD_Reference_Value_ID>
            <IsRange>N</IsRange>
            <AD_Val_Rule_ID reference="uuid" reference-key="AD_Val_Rule">5b38c4f0-fcc7-43d1-a22c-3e2895a428f8</AD_Val_Rule_ID>
            <FieldLength>0</FieldLength>
            <IsMandatory>Y</IsMandatory>
            <DefaultValue>CO</DefaultValue>
            <VFormat/>
            <ValueMin/>
            <ValueMax/>
            <ColumnName>DocAction</ColumnName>
            <DefaultValue2/>
            <IsCentrallyMaintained>Y</IsCentrallyMaintained>
            <EntityType>FTURW</EntityType>
            <AD_Element_ID reference="id">287</AD_Element_ID>
            <ReadOnlyLogic/>
            <DisplayLogic/>
            <AD_Process_Para_UU>8d2dc808-bfc1-48ae-bf0a-f8d950f81178</AD_Process_Para_UU>
            <IsEncrypted>N</IsEncrypted>
            <MandatoryLogic/>
            <Query/>
            <AD_FieldGroup_ID reference="id"/>
            <Placeholder/>
            <Placeholder2/>
            <IsAutocomplete>N</IsAutocomplete>
            <DateRangeOption>D</DateRangeOption>
            <IsShowNegateButton>N</IsShowNegateButton>
            <AD_Process_Para_Trl type="translation">
                <Description>El estado destino del documento</Description>
                <Help>Usted encuentra el estado actual en el campo Estado del Documento. Las opciones son listadas en una ventana emergente</Help>
                <Name>Acción</Name>
                <Placeholder/>
                <Placeholder2/>
                <AD_Language>es_CO</AD_Language>
                <IsActive>Y</IsActive>
                <IsTranslated>Y</IsTranslated>
            </AD_Process_Para_Trl>
            <AD_Process_Para_Trl type="translation">
                <Description>El estado destino del documento</Description>
                <Help>Usted encuentra el estado actual en el campo Estado del Documento. Las opciones son listadas en una ventana emergente</Help>
                <Name>Acción</Name>
                <Placeholder/>
                <Placeholder2/>
                <AD_Language>es_VE</AD_Language>
                <IsActive>Y</IsActive>
                <IsTranslated>N</IsTranslated>
            </AD_Process_Para_Trl>
        </AD_Process_Para>
        <AD_Val_Rule type="table">
            <AD_Client_ID>0</AD_Client_ID>
            <AD_Org_ID>0</AD_Org_ID>
            <Name>M_AttributeValue By QA Status</Name>
            <Description/>
            <Type>S</Type>
            <Code>M_AttributeValue.M_Attribute_ID = (select M_Attribute_ID from M_Attribute where Name ='Estatus de Calidad')</Code>
            <AD_Org_ID reference="id">0</AD_Org_ID>
            <IsActive>Y</IsActive>
            <EntityType>FTURW</EntityType>
            <AD_Val_Rule_UU>0e035744-2f5c-4a84-b7c8-3348b3dfa5ef</AD_Val_Rule_UU>
        </AD_Val_Rule>
        <AD_Process_Para type="table">
            <AD_Client_ID>0</AD_Client_ID>
            <AD_Org_ID>0</AD_Org_ID>
            <AD_Org_ID reference="id">0</AD_Org_ID>
            <IsActive>Y</IsActive>
            <Name>Attribute Value</Name>
            <Description>Product Attribute Value</Description>
            <Help>Individual value of a product attribute (e.g. green, large, ..)</Help>
            <AD_Process_ID reference="uuid" reference-key="AD_Process">c22ea340-8b9d-4f4e-ac12-7661c95764b3</AD_Process_ID>
            <SeqNo>50</SeqNo>
            <AD_Reference_ID reference="id">19</AD_Reference_ID>
            <AD_Reference_Value_ID reference="id"/>
            <IsRange>N</IsRange>
            <AD_Val_Rule_ID reference="uuid" reference-key="AD_Val_Rule">0e035744-2f5c-4a84-b7c8-3348b3dfa5ef</AD_Val_Rule_ID>
            <FieldLength>22</FieldLength>
            <IsMandatory>N</IsMandatory>
            <DefaultValue/>
            <VFormat/>
            <ValueMin/>
            <ValueMax/>
            <ColumnName>M_AttributeValue_ID</ColumnName>
            <DefaultValue2/>
            <IsCentrallyMaintained>Y</IsCentrallyMaintained>
            <EntityType>FTURW</EntityType>
            <AD_Element_ID reference="id">2020</AD_Element_ID>
            <ReadOnlyLogic/>
            <DisplayLogic/>
            <AD_Process_Para_UU>1fbdb70e-14ce-42bf-a57a-5d09b4b17ac9</AD_Process_Para_UU>
            <IsEncrypted>N</IsEncrypted>
            <MandatoryLogic/>
            <Query/>
            <AD_FieldGroup_ID reference="id"/>
            <Placeholder/>
            <Placeholder2/>
            <IsAutocomplete>N</IsAutocomplete>
            <DateRangeOption>D</DateRangeOption>
            <IsShowNegateButton>N</IsShowNegateButton>
            <AD_Process_Para_Trl type="translation">
                <Description>Product Attribute Value</Description>
                <Help>Individual value of a product attribute (e.g. green, large, ..)</Help>
                <Name>Attribute Value</Name>
                <Placeholder/>
                <Placeholder2/>
                <AD_Language>es_CO</AD_Language>
                <IsActive>Y</IsActive>
                <IsTranslated>N</IsTranslated>
            </AD_Process_Para_Trl>
            <AD_Process_Para_Trl type="translation">
                <Description>Product Attribute Value</Description>
                <Help>Individual value of a product attribute (e.g. green, large, ..)</Help>
                <Name>Attribute Value</Name>
                <Placeholder/>
                <Placeholder2/>
                <AD_Language>es_VE</AD_Language>
                <IsActive>Y</IsActive>
                <IsTranslated>N</IsTranslated>
            </AD_Process_Para_Trl>
        </AD_Process_Para>
    </AD_Process>
</idempiere>
