<?xml version="1.0" encoding="UTF-8"?><?xml-stylesheet type="text/css" href="idempiereDocument.css"?><idempiereDocument>
    <header>2Pack_1.27.0_LaboratoryModule Package Description</header>
    <H1>Package Name:</H1>
    <packagename>2Pack_1.27.0_LaboratoryModule</packagename>
    <H1>Author:</H1>
    <Name:/>
    <H1>Email Address:</H1>
    <Email>jcolmenarez@frontuari.net</Email>
    <H1>Created:</H1>
    <Date>2022-11-10 11:30:20.654</Date>
    <H1>Updated:</H1>
    <Date>2022-11-14 09:37:50.833</Date>
    <H1>Description:</H1>
    <description>Add Module Laboratory</description>
    <H1>Instructions:</H1>
    <instructions/>
    <H1>Files in Package:</H1>
    <file>File: PackOut.xml</file>
    <filedirectory>Directory: \dict\</filedirectory>
    <filenotes>Notes: Contains all application/object settings for package</filenotes>
    <H1>Client:</H1>
    <Client>0-SYSTEM-System</Client>
</idempiereDocument>
