<?xml version="1.0" encoding="UTF-8"?><idempiere Name="AD_Form" Version="1.0.0" idempiereVersion="7.1.0.qualifier" DataBaseVersion="2019-11-22" Description="" Author="SuperUser" AuthorEmail="superuser @ idempiere.com" CreatedDate="Sat May 09 09:31:02 VET 2020" UpdatedDate="Sat May 09 09:31:02 VET 2020" PackOutVersion="100" UpdateDictionary="true" Client="0-SYSTEM-System" AD_Client_UU="11237b53-9592-4af1-b3c5-afd216514b5d">
    <AD_Form type="table">
        <AD_Client_ID>0</AD_Client_ID>
        <AD_Org_ID>0</AD_Org_ID>
        <IsActive>Y</IsActive>
        <Name>FTUCreateFromInOut</Name>
        <Description>FTU Create From InOut</Description>
        <Help/>
        <Classname>net.frontuari.ftucfio.webui.apps.form.WFTUCreateFromShipment</Classname>
        <AccessLevel>3</AccessLevel>
        <EntityType>FTU</EntityType>
        <IsBetaFunctionality>N</IsBetaFunctionality>
        <JSPURL/>
        <AD_Form_UU>6fabf335-afaa-4131-9662-70f6924d25e1</AD_Form_UU>
        <AD_CtxHelp_ID reference="id"/>
        <AD_Form_Trl type="translation">
            <Help/>
            <Description>FTU Create From InOut</Description>
            <Name>FTUCreateFromInOut</Name>
            <AD_Language>es_CO</AD_Language>
            <IsActive>Y</IsActive>
            <IsTranslated>N</IsTranslated>
        </AD_Form_Trl>
        <AD_Form_Trl type="translation">
            <Help/>
            <Description>FTU Create From InOut</Description>
            <Name>FTUCreateFromInOut</Name>
            <AD_Language>es_VE</AD_Language>
            <IsActive>Y</IsActive>
            <IsTranslated>N</IsTranslated>
        </AD_Form_Trl>
    </AD_Form>
</idempiere>
