<?xml version="1.0" encoding="UTF-8"?><idempiere Name="AD_Rule" Version="1.0.0" idempiereVersion="7.1.0.qualifier" DataBaseVersion="2019-11-22" Description="" Author="cVargas" AuthorEmail="" CreatedDate="Fri Oct 30 08:11:07 VET 2020" UpdatedDate="Fri Oct 30 08:11:07 VET 2020" PackOutVersion="100" UpdateDictionary="true" Client="0-SYSTEM-System" AD_Client_UU="11237b53-9592-4af1-b3c5-afd216514b5d">
    <AD_Rule type="table">
        <AD_Client_ID>0</AD_Client_ID>
        <AD_Org_ID>0</AD_Org_ID>
        <Description/>
        <Help/>
        <IsActive>Y</IsActive>
        <Name>beanshell:SetBPartner</Name>
        <Value>beanshell:SetBPartner</Value>
        <EntityType>FTU</EntityType>
        <RuleType>S</RuleType>
        <EventType>C</EventType>
        <AccessLevel/>
        <Script>import org.eevolution.model.MDDOrder;

if(A_Tab.getValue("DD_Order_ID") != null){

	MDDOrder Order = new MDDOrder (A_Ctx, A_Tab.getValue("DD_Order_ID"), null);	

		A_Tab.setValue("C_BPartner_ID", Order.getC_BPartner_ID());
}

result = "";</Script>
        <AD_Rule_UU>8593b63c-da4d-4035-b031-daf1a6b9cc05</AD_Rule_UU>
    </AD_Rule>
</idempiere>
