<?xml version="1.0" encoding="UTF-8"?><idempiere Name="AD_Element" Version="1.0.0" idempiereVersion="10.0.0.qualifier" DataBaseVersion="2022-12-24" Description="" Author="jVasquez" AuthorEmail="jvasquez@frontuari.net" CreatedDate="Wed Jun 05 15:24:02 VET 2024" UpdatedDate="Wed Jun 05 15:24:02 VET 2024" PackOutVersion="100" UpdateDictionary="true" Client="0-SYSTEM-System" AD_Client_UU="11237b53-9592-4af1-b3c5-afd216514b5d">
    <AD_Element type="table">
        <AD_Client_ID>0</AD_Client_ID>
        <AD_Org_ID>0</AD_Org_ID>
        <AD_Org_ID reference="id">0</AD_Org_ID>
        <IsActive>Y</IsActive>
        <ColumnName>FTU_ProductAnalysis_ID_To</ColumnName>
        <Name>FTU_ProductAnalysis_ID_To</Name>
        <Description/>
        <Help/>
        <PrintName>FTU_ProductAnalysis_ID_To</PrintName>
        <PO_Description/>
        <PO_Help/>
        <PO_Name/>
        <PO_PrintName/>
        <EntityType>FTURW</EntityType>
        <AD_Element_UU>478a960b-f26a-4cb0-a2b0-fae3655e4dd6</AD_Element_UU>
        <Placeholder/>
        <AD_Element_Trl type="translation">
            <Description/>
            <Help/>
            <Name>FTU_ProductAnalysis_ID_To</Name>
            <Placeholder/>
            <PO_Description/>
            <PO_Help/>
            <PO_Name/>
            <PO_PrintName/>
            <PrintName>FTU_ProductAnalysis_ID_To</PrintName>
            <AD_Language>es_CO</AD_Language>
            <IsActive>Y</IsActive>
            <IsTranslated>N</IsTranslated>
        </AD_Element_Trl>
        <AD_Element_Trl type="translation">
            <Description/>
            <Help/>
            <Name>FTU_ProductAnalysis_ID_To</Name>
            <Placeholder/>
            <PO_Description/>
            <PO_Help/>
            <PO_Name/>
            <PO_PrintName/>
            <PrintName>FTU_ProductAnalysis_ID_To</PrintName>
            <AD_Language>es_VE</AD_Language>
            <IsActive>Y</IsActive>
            <IsTranslated>N</IsTranslated>
        </AD_Element_Trl>
    </AD_Element>
    <AD_Val_Rule type="table">
        <AD_Client_ID>0</AD_Client_ID>
        <AD_Org_ID>0</AD_Org_ID>
        <Name>FTU_ProductAnalysis For Product</Name>
        <Description/>
        <Type>S</Type>
        <Code>FTU_ProductAnalysis.M_Product_ID = @AnyProduct@</Code>
        <AD_Org_ID reference="id">0</AD_Org_ID>
        <IsActive>Y</IsActive>
        <EntityType>FTURW</EntityType>
        <AD_Val_Rule_UU>9577f55c-e6fd-4e84-b876-8c30287a6864</AD_Val_Rule_UU>
    </AD_Val_Rule>
    <AD_Val_Rule type="table">
        <AD_Client_ID>0</AD_Client_ID>
        <AD_Org_ID>0</AD_Org_ID>
        <Name>M_Product Is Requiere Analysis</Name>
        <Description/>
        <Type>S</Type>
        <Code>M_Product.IsSummary='N' AND M_Product.IsActive='Y' AND M_Product.IsLabAnalysisMandatory ='Y'</Code>
        <AD_Org_ID reference="id">0</AD_Org_ID>
        <IsActive>Y</IsActive>
        <EntityType>FTURW</EntityType>
        <AD_Val_Rule_UU>8e8e439e-b66b-4544-9743-0b822c5a30ec</AD_Val_Rule_UU>
    </AD_Val_Rule>
    <AD_Reference type="table">
        <AD_Client_ID>0</AD_Client_ID>
        <AD_Org_ID>0</AD_Org_ID>
        <Name>FTU_ProductAnalysis</Name>
        <Description/>
        <Help/>
        <ValidationType>T</ValidationType>
        <AD_Org_ID reference="id">0</AD_Org_ID>
        <IsActive>Y</IsActive>
        <VFormat/>
        <EntityType>FTURW</EntityType>
        <IsOrderByValue>N</IsOrderByValue>
        <AD_Reference_UU>1505d243-a8b9-4aac-95a0-2aa116107c38</AD_Reference_UU>
        <AD_Element_ID reference="id"/>
        <ShowInactive>N</ShowInactive>
        <AD_Reference_Trl type="translation">
            <Description/>
            <Help/>
            <Name>FTU_ProductAnalysis</Name>
            <AD_Language>es_CO</AD_Language>
            <IsActive>Y</IsActive>
            <IsTranslated>N</IsTranslated>
        </AD_Reference_Trl>
        <AD_Reference_Trl type="translation">
            <Description/>
            <Help/>
            <Name>FTU_ProductAnalysis</Name>
            <AD_Language>es_VE</AD_Language>
            <IsActive>Y</IsActive>
            <IsTranslated>N</IsTranslated>
        </AD_Reference_Trl>
        <AD_Ref_Table type="table">
            <AD_Client_ID>0</AD_Client_ID>
            <AD_Org_ID>0</AD_Org_ID>
            <AD_Reference_ID reference="uuid" reference-key="AD_Reference">1505d243-a8b9-4aac-95a0-2aa116107c38</AD_Reference_ID>
            <AD_Table_ID reference="uuid" reference-key="AD_Table">0fee76b0-ff7d-43eb-b2e2-4cb1203e937b</AD_Table_ID>
            <WhereClause/>
            <OrderByClause/>
            <AD_Org_ID reference="id">0</AD_Org_ID>
            <IsActive>Y</IsActive>
            <IsValueDisplayed>Y</IsValueDisplayed>
            <EntityType>FTURW</EntityType>
            <AD_Window_ID reference="id"/>
            <AD_Ref_Table_UU>42e7e6f8-ca92-4599-8b38-d2808943d1e2</AD_Ref_Table_UU>
            <AD_InfoWindow_ID reference="id"/>
            <AD_Display reference="uuid" reference-key="AD_Column">5e8a60f5-ef9e-4aac-b48c-296968c3a220</AD_Display>
            <AD_Key reference="uuid" reference-key="AD_Column">c848fd18-6f3a-4703-9234-6e637bcfd860</AD_Key>
        </AD_Ref_Table>
    </AD_Reference>
    <AD_Process type="table">
        <AD_Client_ID>0</AD_Client_ID>
        <AD_Org_ID>0</AD_Org_ID>
        <AD_Org_ID reference="id">0</AD_Org_ID>
        <IsActive>Y</IsActive>
        <Name>Copy From Product Analysis</Name>
        <Description>Copy From Product Analysis</Description>
        <Help/>
        <ProcedureName/>
        <IsReport>N</IsReport>
        <Value>FTUCopyFromProductAnalysis</Value>
        <IsDirectPrint>N</IsDirectPrint>
        <AD_ReportView_ID reference="id"/>
        <Classname>net.frontuari.recordweight.process.FTUCopyFromProductAnalysis</Classname>
        <AccessLevel>3</AccessLevel>
        <EntityType>FTURW</EntityType>
        <Statistic_Count>17</Statistic_Count>
        <Statistic_Seconds>803</Statistic_Seconds>
        <AD_PrintFormat_ID reference="id"/>
        <WorkflowValue/>
        <AD_Workflow_ID reference="id"/>
        <IsBetaFunctionality>N</IsBetaFunctionality>
        <ShowHelp>Y</ShowHelp>
        <JasperReport/>
        <AD_Form_ID reference="id"/>
        <CopyFromProcess>N</CopyFromProcess>
        <AD_Process_UU>77fe860d-ca82-407e-a1ee-fd0545f93a6b</AD_Process_UU>
        <AD_CtxHelp_ID reference="id"/>
        <ExecutionType/>
        <AllowMultipleExecution>P</AllowMultipleExecution>
        <FileNamePattern/>
        <AD_Process_Trl type="translation">
            <Description>Copiar lineas de un analisis</Description>
            <Help/>
            <Name>Copiar lineas de un analisis</Name>
            <AD_Language>es_CO</AD_Language>
            <IsActive>Y</IsActive>
            <IsTranslated>N</IsTranslated>
        </AD_Process_Trl>
        <AD_Process_Trl type="translation">
            <Description>Copiar lineas de un analisis</Description>
            <Help/>
            <Name>Copiar lineas de un analisis</Name>
            <AD_Language>es_VE</AD_Language>
            <IsActive>Y</IsActive>
            <IsTranslated>N</IsTranslated>
        </AD_Process_Trl>
        <AD_Reference type="table">
            <AD_Reference_ID>19</AD_Reference_ID>
            <AD_Client_ID>0</AD_Client_ID>
            <AD_Org_ID>0</AD_Org_ID>
            <AD_Reference_ID>19</AD_Reference_ID>
            <Name>Table Direct</Name>
            <Description>Direct Table Access</Description>
            <Help/>
            <ValidationType>D</ValidationType>
            <AD_Org_ID reference="id">0</AD_Org_ID>
            <IsActive>Y</IsActive>
            <VFormat/>
            <EntityType>FTU</EntityType>
            <IsOrderByValue>N</IsOrderByValue>
            <AD_Reference_UU>85767149-7019-4224-a8d0-41f0d9d77d47</AD_Reference_UU>
            <AD_Element_ID reference="id"/>
            <ShowInactive>N</ShowInactive>
            <AD_Reference_Trl type="translation">
                <Description>Acceso directo de tabla</Description>
                <Help/>
                <Name>Tabla Directa</Name>
                <AD_Language>es_CO</AD_Language>
                <IsActive>Y</IsActive>
                <IsTranslated>Y</IsTranslated>
            </AD_Reference_Trl>
            <AD_Reference_Trl type="translation">
                <Description>Acceso directo de tabla</Description>
                <Help/>
                <Name>Tabla Directa</Name>
                <AD_Language>es_VE</AD_Language>
                <IsActive>Y</IsActive>
                <IsTranslated>N</IsTranslated>
            </AD_Reference_Trl>
        </AD_Reference>
        <AD_Val_Rule type="table">
            <AD_Client_ID>0</AD_Client_ID>
            <AD_Org_ID>0</AD_Org_ID>
            <Name>FTU_ProductAnalysis For Product</Name>
            <Description/>
            <Type>S</Type>
            <Code>FTU_ProductAnalysis.M_Product_ID = @M_Product_ID@</Code>
            <AD_Org_ID reference="id">0</AD_Org_ID>
            <IsActive>Y</IsActive>
            <EntityType>FTURW</EntityType>
            <AD_Val_Rule_UU>9577f55c-e6fd-4e84-b876-8c30287a6864</AD_Val_Rule_UU>
        </AD_Val_Rule>
        <AD_Element type="table">
            <AD_Client_ID>0</AD_Client_ID>
            <AD_Org_ID>0</AD_Org_ID>
            <AD_Org_ID reference="id">0</AD_Org_ID>
            <IsActive>Y</IsActive>
            <ColumnName>FTU_ProductAnalysis_ID</ColumnName>
            <Name>Product Analysis</Name>
            <Description>Product Analysis</Description>
            <Help/>
            <PrintName>Product Analysis</PrintName>
            <PO_Description/>
            <PO_Help/>
            <PO_Name/>
            <PO_PrintName/>
            <EntityType>FTULAB</EntityType>
            <AD_Element_UU>1ba8d913-f720-4ed9-a51c-c9bade85155d</AD_Element_UU>
            <Placeholder/>
            <AD_Element_Trl type="translation">
                <Description>Analísis del Producto</Description>
                <Help/>
                <Name>Analísis del Producto</Name>
                <Placeholder/>
                <PO_Description/>
                <PO_Help/>
                <PO_Name/>
                <PO_PrintName/>
                <PrintName>Analísis del Producto</PrintName>
                <AD_Language>es_CO</AD_Language>
                <IsActive>Y</IsActive>
                <IsTranslated>N</IsTranslated>
            </AD_Element_Trl>
            <AD_Element_Trl type="translation">
                <Description>Analísis del Producto</Description>
                <Help/>
                <Name>Analísis del Producto</Name>
                <Placeholder/>
                <PO_Description/>
                <PO_Help/>
                <PO_Name/>
                <PO_PrintName/>
                <PrintName>Analísis del Producto</PrintName>
                <AD_Language>es_VE</AD_Language>
                <IsActive>Y</IsActive>
                <IsTranslated>N</IsTranslated>
            </AD_Element_Trl>
        </AD_Element>
        <AD_Process_Para type="table">
            <AD_Client_ID>0</AD_Client_ID>
            <AD_Org_ID>0</AD_Org_ID>
            <AD_Org_ID reference="id">0</AD_Org_ID>
            <IsActive>Y</IsActive>
            <Name>Product Analysis</Name>
            <Description>Product Analysis</Description>
            <Help/>
            <AD_Process_ID reference="uuid" reference-key="AD_Process">77fe860d-ca82-407e-a1ee-fd0545f93a6b</AD_Process_ID>
            <SeqNo>10</SeqNo>
            <AD_Reference_ID reference="id">19</AD_Reference_ID>
            <AD_Reference_Value_ID reference="id"/>
            <IsRange>N</IsRange>
            <AD_Val_Rule_ID reference="uuid" reference-key="AD_Val_Rule">9577f55c-e6fd-4e84-b876-8c30287a6864</AD_Val_Rule_ID>
            <FieldLength>22</FieldLength>
            <IsMandatory>N</IsMandatory>
            <DefaultValue/>
            <VFormat/>
            <ValueMin/>
            <ValueMax/>
            <ColumnName>FTU_ProductAnalysis_ID</ColumnName>
            <DefaultValue2/>
            <IsCentrallyMaintained>Y</IsCentrallyMaintained>
            <EntityType>FTURW</EntityType>
            <AD_Element_ID reference="uuid" reference-key="AD_Element">1ba8d913-f720-4ed9-a51c-c9bade85155d</AD_Element_ID>
            <ReadOnlyLogic/>
            <DisplayLogic/>
            <AD_Process_Para_UU>8e14480b-eee5-484b-8ed9-6efb53149235</AD_Process_Para_UU>
            <IsEncrypted>N</IsEncrypted>
            <MandatoryLogic/>
            <Query/>
            <AD_FieldGroup_ID reference="id"/>
            <Placeholder/>
            <Placeholder2/>
            <IsAutocomplete>N</IsAutocomplete>
            <DateRangeOption>D</DateRangeOption>
            <IsShowNegateButton>N</IsShowNegateButton>
            <AD_Process_Para_Trl type="translation">
                <Description>Product Analysis</Description>
                <Help/>
                <Name>Product Analysis</Name>
                <Placeholder/>
                <Placeholder2/>
                <AD_Language>es_CO</AD_Language>
                <IsActive>Y</IsActive>
                <IsTranslated>N</IsTranslated>
            </AD_Process_Para_Trl>
            <AD_Process_Para_Trl type="translation">
                <Description>Product Analysis</Description>
                <Help/>
                <Name>Product Analysis</Name>
                <Placeholder/>
                <Placeholder2/>
                <AD_Language>es_VE</AD_Language>
                <IsActive>Y</IsActive>
                <IsTranslated>N</IsTranslated>
            </AD_Process_Para_Trl>
        </AD_Process_Para>
        <AD_Reference type="table">
            <AD_Reference_ID>30</AD_Reference_ID>
            <AD_Client_ID>0</AD_Client_ID>
            <AD_Org_ID>0</AD_Org_ID>
            <AD_Reference_ID>30</AD_Reference_ID>
            <Name>Search</Name>
            <Description>Search Field</Description>
            <Help/>
            <ValidationType>D</ValidationType>
            <AD_Org_ID reference="id">0</AD_Org_ID>
            <IsActive>Y</IsActive>
            <VFormat/>
            <EntityType>FTUPAYROLL</EntityType>
            <IsOrderByValue>N</IsOrderByValue>
            <AD_Reference_UU>199e084e-6ad2-4bcd-8f5e-fdd08f4c0748</AD_Reference_UU>
            <AD_Element_ID reference="id"/>
            <ShowInactive>N</ShowInactive>
            <AD_Reference_Trl type="translation">
                <Description>Campo de Búsqueda</Description>
                <Help/>
                <Name>Búsqueda</Name>
                <AD_Language>es_CO</AD_Language>
                <IsActive>Y</IsActive>
                <IsTranslated>Y</IsTranslated>
            </AD_Reference_Trl>
            <AD_Reference_Trl type="translation">
                <Description>Campo de Búsqueda</Description>
                <Help/>
                <Name>Búsqueda</Name>
                <AD_Language>es_VE</AD_Language>
                <IsActive>Y</IsActive>
                <IsTranslated>N</IsTranslated>
            </AD_Reference_Trl>
        </AD_Reference>
        <AD_Reference type="table">
            <AD_Client_ID>0</AD_Client_ID>
            <AD_Org_ID>0</AD_Org_ID>
            <Name>FTU_ProductAnalysis</Name>
            <Description/>
            <Help/>
            <ValidationType>T</ValidationType>
            <AD_Org_ID reference="id">0</AD_Org_ID>
            <IsActive>Y</IsActive>
            <VFormat/>
            <EntityType>FTURW</EntityType>
            <IsOrderByValue>N</IsOrderByValue>
            <AD_Reference_UU>1505d243-a8b9-4aac-95a0-2aa116107c38</AD_Reference_UU>
            <AD_Element_ID reference="id"/>
            <ShowInactive>N</ShowInactive>
            <AD_Reference_Trl type="translation">
                <Description/>
                <Help/>
                <Name>FTU_ProductAnalysis</Name>
                <AD_Language>es_CO</AD_Language>
                <IsActive>Y</IsActive>
                <IsTranslated>N</IsTranslated>
            </AD_Reference_Trl>
            <AD_Reference_Trl type="translation">
                <Description/>
                <Help/>
                <Name>FTU_ProductAnalysis</Name>
                <AD_Language>es_VE</AD_Language>
                <IsActive>Y</IsActive>
                <IsTranslated>N</IsTranslated>
            </AD_Reference_Trl>
            <AD_Ref_Table type="table">
                <AD_Client_ID>0</AD_Client_ID>
                <AD_Org_ID>0</AD_Org_ID>
                <AD_Reference_ID reference="uuid" reference-key="AD_Reference">1505d243-a8b9-4aac-95a0-2aa116107c38</AD_Reference_ID>
                <AD_Table_ID reference="uuid" reference-key="AD_Table">0fee76b0-ff7d-43eb-b2e2-4cb1203e937b</AD_Table_ID>
                <WhereClause/>
                <OrderByClause/>
                <AD_Org_ID reference="id">0</AD_Org_ID>
                <IsActive>Y</IsActive>
                <IsValueDisplayed>Y</IsValueDisplayed>
                <EntityType>FTURW</EntityType>
                <AD_Window_ID reference="id"/>
                <AD_Ref_Table_UU>42e7e6f8-ca92-4599-8b38-d2808943d1e2</AD_Ref_Table_UU>
                <AD_InfoWindow_ID reference="id"/>
                <AD_Display reference="uuid" reference-key="AD_Column">5e8a60f5-ef9e-4aac-b48c-296968c3a220</AD_Display>
                <AD_Key reference="uuid" reference-key="AD_Column">c848fd18-6f3a-4703-9234-6e637bcfd860</AD_Key>
            </AD_Ref_Table>
        </AD_Reference>
        <AD_Element type="table">
            <AD_Client_ID>0</AD_Client_ID>
            <AD_Org_ID>0</AD_Org_ID>
            <AD_Org_ID reference="id">0</AD_Org_ID>
            <IsActive>Y</IsActive>
            <ColumnName>FTU_ProductAnalysis_ID_To</ColumnName>
            <Name>FTU_ProductAnalysis_ID_To</Name>
            <Description/>
            <Help/>
            <PrintName>FTU_ProductAnalysis_ID_To</PrintName>
            <PO_Description/>
            <PO_Help/>
            <PO_Name/>
            <PO_PrintName/>
            <EntityType>FTURW</EntityType>
            <AD_Element_UU>478a960b-f26a-4cb0-a2b0-fae3655e4dd6</AD_Element_UU>
            <Placeholder/>
            <AD_Element_Trl type="translation">
                <Description/>
                <Help/>
                <Name>FTU_ProductAnalysis_ID_To</Name>
                <Placeholder/>
                <PO_Description/>
                <PO_Help/>
                <PO_Name/>
                <PO_PrintName/>
                <PrintName>FTU_ProductAnalysis_ID_To</PrintName>
                <AD_Language>es_CO</AD_Language>
                <IsActive>Y</IsActive>
                <IsTranslated>N</IsTranslated>
            </AD_Element_Trl>
            <AD_Element_Trl type="translation">
                <Description/>
                <Help/>
                <Name>FTU_ProductAnalysis_ID_To</Name>
                <Placeholder/>
                <PO_Description/>
                <PO_Help/>
                <PO_Name/>
                <PO_PrintName/>
                <PrintName>FTU_ProductAnalysis_ID_To</PrintName>
                <AD_Language>es_VE</AD_Language>
                <IsActive>Y</IsActive>
                <IsTranslated>N</IsTranslated>
            </AD_Element_Trl>
        </AD_Element>
        <AD_Process_Para type="table">
            <AD_Client_ID>0</AD_Client_ID>
            <AD_Org_ID>0</AD_Org_ID>
            <AD_Org_ID reference="id">0</AD_Org_ID>
            <IsActive>Y</IsActive>
            <Name>FTU_ProductAnalysis_ID_To</Name>
            <Description/>
            <Help/>
            <AD_Process_ID reference="uuid" reference-key="AD_Process">77fe860d-ca82-407e-a1ee-fd0545f93a6b</AD_Process_ID>
            <SeqNo>20</SeqNo>
            <AD_Reference_ID reference="id">30</AD_Reference_ID>
            <AD_Reference_Value_ID reference="uuid" reference-key="AD_Reference">1505d243-a8b9-4aac-95a0-2aa116107c38</AD_Reference_Value_ID>
            <IsRange>N</IsRange>
            <AD_Val_Rule_ID reference="id"/>
            <FieldLength>0</FieldLength>
            <IsMandatory>N</IsMandatory>
            <DefaultValue>@FTU_ProductAnalysis_ID@</DefaultValue>
            <VFormat/>
            <ValueMin/>
            <ValueMax/>
            <ColumnName>FTU_ProductAnalysis_ID_To</ColumnName>
            <DefaultValue2/>
            <IsCentrallyMaintained>Y</IsCentrallyMaintained>
            <EntityType>FTURW</EntityType>
            <AD_Element_ID reference="uuid" reference-key="AD_Element">478a960b-f26a-4cb0-a2b0-fae3655e4dd6</AD_Element_ID>
            <ReadOnlyLogic>1=1</ReadOnlyLogic>
            <DisplayLogic>1=2</DisplayLogic>
            <AD_Process_Para_UU>f05fb8b2-c089-4811-a301-1bfd3561d68c</AD_Process_Para_UU>
            <IsEncrypted>N</IsEncrypted>
            <MandatoryLogic/>
            <Query/>
            <AD_FieldGroup_ID reference="id"/>
            <Placeholder/>
            <Placeholder2/>
            <IsAutocomplete>N</IsAutocomplete>
            <DateRangeOption>D</DateRangeOption>
            <IsShowNegateButton>N</IsShowNegateButton>
            <AD_Process_Para_Trl type="translation">
                <Description/>
                <Help/>
                <Name>FTU_ProductAnalysis_ID_To</Name>
                <Placeholder/>
                <Placeholder2/>
                <AD_Language>es_CO</AD_Language>
                <IsActive>Y</IsActive>
                <IsTranslated>N</IsTranslated>
            </AD_Process_Para_Trl>
            <AD_Process_Para_Trl type="translation">
                <Description/>
                <Help/>
                <Name>FTU_ProductAnalysis_ID_To</Name>
                <Placeholder/>
                <Placeholder2/>
                <AD_Language>es_VE</AD_Language>
                <IsActive>Y</IsActive>
                <IsTranslated>N</IsTranslated>
            </AD_Process_Para_Trl>
        </AD_Process_Para>
    </AD_Process>
    <AD_ToolBarButton type="table">
        <AD_Client_ID>0</AD_Client_ID>
        <AD_Org_ID>0</AD_Org_ID>
        <AD_Org_ID reference="id">0</AD_Org_ID>
        <ComponentName>Copiar Lineas de Formulas</ComponentName>
        <IsActive>Y</IsActive>
        <Name>Copiar Lineas de Formulas</Name>
        <IsCustomization>N</IsCustomization>
        <ActionClassName/>
        <ActionName/>
        <KeyStroke_KeyCode/>
        <KeyStroke_Modifiers/>
        <AD_ToolBarButton_UU>82e11062-9a79-4cc6-ad97-1e82053c78ec</AD_ToolBarButton_UU>
        <Action>W</Action>
        <AD_Tab_ID reference="uuid" reference-key="AD_Tab">fe5487ca-2a1a-47bb-a1d1-136b18317594</AD_Tab_ID>
        <AD_Process_ID reference="uuid" reference-key="AD_Process">77fe860d-ca82-407e-a1ee-fd0545f93a6b</AD_Process_ID>
        <DisplayLogic/>
        <SeqNo>10</SeqNo>
        <IsAdvancedButton>N</IsAdvancedButton>
        <IsAddSeparator>N</IsAddSeparator>
        <ReadOnlyLogic/>
        <PressedLogic/>
        <EntityType>FTURW</EntityType>
        <IsShowMore>N</IsShowMore>
    </AD_ToolBarButton>
</idempiere>
