<?xml version="1.0" encoding="UTF-8"?><idempiere Name="2Pack_1.1.1_ReportShipperLiqUnAllocated" Version="1.1.1" idempiereVersion="" DataBaseVersion="" Description="Add new report for documents unallocated of shipper" Author="" AuthorEmail="jcolmenarez@frontuari.net" CreatedDate="2023-08-18 19:08:13.08" UpdatedDate="2023-08-18 19:08:13.08" PackOutVersion="100" UpdateDictionary="false" Client="0-SYSTEM-System" AD_Client_UU="11237b53-9592-4af1-b3c5-afd216514b5d">
    <SQLStatement type="custom">
        <DBType>ALL</DBType>
        <statement>
            <![CDATA[create or replace view FTU_RV_SLUnAllocated as 
            select bp.ad_client_id,
            i.ad_org_id,
            bp.isactive,
            s.m_shipper_id,
            s."name" as shippername,
            bp.c_bpartner_id,
            bp.value as bpvalue,
            bp.taxid as bptaxid,
            bp.name as bpname,
            bp.c_bp_group_id,
            i.c_invoice_id as FTU_RV_SLUnAllocated_ID,
            i.c_doctype_id,
            i.documentno,
            i.dateinvoiced as datedoc,
            i.description,
            i.c_currency_id,
            i.grandtotal as amount,
            '01' as DeductionType 
            from c_bpartner bp 
            join m_shipper s on bp.c_bpartner_id = s.c_bpartner_id 
            join c_invoice i on bp.c_bpartner_id = i.c_bpartner_id 
            join c_doctype dt on i.c_doctype_id = dt.c_doctype_id and dt.IsAffectedBook = 'N' AND dt.DocBaseType = 'APC'
            where i.DocStatus = 'CO' AND i.IsSOTrx = 'N' 
            and NOT EXISTS (SELECT 1 FROM FTU_SLLine sll JOIN FTU_ShipperLiquidation sl ON (sl.FTU_ShipperLiquidation_ID = sll.FTU_ShipperLiquidation_ID) WHERE sll.C_Invoice_ID = i.C_Invoice_ID AND sll.DeductionType = '01' AND sl.DocStatus NOT IN ('RE','VO')) 
            union all 
            select bp.ad_client_id,
            i.ad_org_id,
            bp.isactive,
            s.m_shipper_id,
            s."name" as shippername,
            bp.c_bpartner_id,
            bp.value as bpvalue,
            bp.taxid as bptaxid,
            bp.name as bpname,
            bp.c_bp_group_id,
            i.m_inventory_id as FTU_RV_FLUnAllocated_ID,
            i.c_doctype_id,
            i.documentno,
            i.movementdate as datedoc,
            i.description,
            100 as c_currency_id,
            coalesce(c.costamt,0) as amount,
            '02' as DeductionType 
            from c_bpartner bp 
            join m_shipper s on bp.c_bpartner_id = s.c_bpartner_id 
            join m_inventory i on s.m_shipper_id = i.m_shipper_id 
            join c_doctype dt on i.c_doctype_id = dt.c_doctype_id and dt.DocSubTypeInv = 'IU' AND dt.DocBaseType = 'MMI' 
            left join (SELECT il.M_Inventory_ID,a.C_Currency_ID,SUM(cd.CurrentCostPrice) costamt  
            FROM M_CostDetail cd 
            JOIN M_InventoryLine il ON (cd.M_InventoryLine_ID = il.M_InventoryLine_ID) 
            JOIN C_AcctSchema a ON (cd.C_AcctSchema_ID = a.C_AcctSchema_ID) 
            group by 1,2) c on i.m_inventory_id = c.m_inventory_id and c.c_currency_id = 100 
            where i.DocStatus = 'CO' AND i.IsInternal = 'Y'  
            and NOT EXISTS (SELECT 1 FROM FTU_SLLine sll JOIN FTU_ShipperLiquidation sl ON (sl.FTU_ShipperLiquidation_ID = sll.FTU_ShipperLiquidation_ID) WHERE sll.M_Inventory_ID = i.M_Inventory_ID AND sll.DeductionType = '02' AND sl.DocStatus NOT IN ('RE','VO')) 
            union all 
            select bp.ad_client_id,
            i.ad_org_id,
            bp.isactive,
            s.m_shipper_id,
            s."name" as shippername,
            bp.c_bpartner_id,
            bp.value as bpvalue,
            bp.taxid as bptaxid,
            bp.name as bpname,
            bp.c_bp_group_id,
            i.c_payment_id as FTU_RV_FLUnAllocated_ID,
            i.c_doctype_id,
            i.documentno,
            i.datetrx as datedoc,
            i.description,
            i.c_currency_id,
            (paymentavailable(C_Payment_ID) * -1) as amount,
            '03' as DeductionType 
            from c_bpartner bp 
            join m_shipper s on bp.c_bpartner_id = s.c_bpartner_id 
            join c_payment i on bp.c_bpartner_id = i.c_bpartner_id 
            where i.DocStatus = 'CO' AND i.IsReceipt = 'N' and paymentavailable(i.C_Payment_ID) < 0 
            and NOT EXISTS (SELECT 1 FROM FTU_SLLine sll JOIN FTU_ShipperLiquidation sl ON (sl.FTU_ShipperLiquidation_ID = sll.FTU_ShipperLiquidation_ID) WHERE sll.C_Payment_ID = i.C_Payment_ID AND sll.DeductionType = '03' AND sl.DocStatus NOT IN ('RE','VO')) 
            ;]]>
        </statement>
    </SQLStatement>
    <AD_Menu type="table">
        <Parent_ID reference="uuid" reference-key="AD_Menu">b9235f70-7223-4263-80e9-97bb1e05edb3</Parent_ID>
        <SeqNo>2</SeqNo>
        <AD_Client_ID>0</AD_Client_ID>
        <AD_Org_ID>0</AD_Org_ID>
        <Name>View Shipper Liquidation UnAllocated</Name>
        <Description>Documents Shipper Liquidation UnAllocated</Description>
        <Action>R</Action>
        <AD_Window_ID reference="id"/>
        <AD_Workflow_ID reference="id"/>
        <AD_Task_ID reference="id"/>
        <AD_Org_ID reference="id">0</AD_Org_ID>
        <IsActive>Y</IsActive>
        <IsSummary>N</IsSummary>
        <AD_Process_ID reference="uuid" reference-key="AD_Process">9e94b927-8eed-45a4-988c-02c22a1ecfda</AD_Process_ID>
        <IsSOTrx>Y</IsSOTrx>
        <AD_Form_ID reference="id"/>
        <IsReadOnly>N</IsReadOnly>
        <EntityType>FTURW</EntityType>
        <IsCentrallyMaintained>Y</IsCentrallyMaintained>
        <AD_Menu_UU>35415979-9826-4a8c-a0d6-23f105a9b780</AD_Menu_UU>
        <AD_InfoWindow_ID reference="id"/>
        <PredefinedContextVariables/>
        <AD_Menu_Trl type="translation">
            <Description>Documentos del transportista sin liquidar</Description>
            <Name>Reporte documentos del transportista sin liquidar</Name>
            <AD_Language>es_VE</AD_Language>
            <IsActive>Y</IsActive>
            <IsTranslated>N</IsTranslated>
        </AD_Menu_Trl>
        <AD_Menu_Trl type="translation">
            <Description>Documentos del transportista sin liquidar</Description>
            <Name>Reporte documentos del transportista sin liquidar</Name>
            <AD_Language>es_CO</AD_Language>
            <IsActive>Y</IsActive>
            <IsTranslated>N</IsTranslated>
        </AD_Menu_Trl>
        <AD_Table type="table">
            <AD_Client_ID>0</AD_Client_ID>
            <AD_Org_ID>0</AD_Org_ID>
            <Name>Document Shipper Liquidation UnAllocated</Name>
            <Description/>
            <Help/>
            <AD_Window_ID reference="id"/>
            <AD_Val_Rule_ID reference="id"/>
            <TableName>FTU_RV_SLUnAllocated</TableName>
            <LoadSeq>0</LoadSeq>
            <AccessLevel>3</AccessLevel>
            <AD_Org_ID reference="id">0</AD_Org_ID>
            <IsActive>Y</IsActive>
            <IsSecurityEnabled>N</IsSecurityEnabled>
            <IsDeleteable>N</IsDeleteable>
            <IsHighVolume>N</IsHighVolume>
            <IsView>Y</IsView>
            <EntityType>FTURW</EntityType>
            <ImportTable>N</ImportTable>
            <IsChangeLog>Y</IsChangeLog>
            <ReplicationType>L</ReplicationType>
            <PO_Window_ID reference="id"/>
            <CopyColumnsFromTable>N</CopyColumnsFromTable>
            <IsCentrallyMaintained>Y</IsCentrallyMaintained>
            <AD_Table_UU>a470c81a-b723-46b8-9774-a79e03e87b84</AD_Table_UU>
            <Processing>N</Processing>
            <DatabaseViewDrop>N</DatabaseViewDrop>
            <CopyComponentsFromView>N</CopyComponentsFromView>
            <CreateWindowFromTable>N</CreateWindowFromTable>
            <IsShowInDrillOptions>N</IsShowInDrillOptions>
            <AD_Element type="table">
                <AD_Client_ID>0</AD_Client_ID>
                <AD_Org_ID>0</AD_Org_ID>
                <AD_Org_ID reference="id">0</AD_Org_ID>
                <IsActive>Y</IsActive>
                <ColumnName>FTU_RV_SLUnAllocated_ID</ColumnName>
                <Name>Document Shipper Liquidation UnAllocated</Name>
                <Description/>
                <Help/>
                <PrintName>Document Shipper Liquidation UnAllocated</PrintName>
                <PO_Description/>
                <PO_Help/>
                <PO_Name/>
                <PO_PrintName/>
                <EntityType>FTURW</EntityType>
                <AD_Element_UU>8c56272e-937d-4264-863a-56ea461ff500</AD_Element_UU>
                <Placeholder/>
                <AD_Element_Trl type="translation">
                    <Description/>
                    <Help/>
                    <Name>Documento de transportista sin liquidar</Name>
                    <PO_Description/>
                    <PO_Help/>
                    <PO_Name/>
                    <PO_PrintName/>
                    <Placeholder/>
                    <PrintName>Documento de transportista sin liquidar</PrintName>
                    <AD_Language>es_CO</AD_Language>
                    <IsActive>Y</IsActive>
                    <IsTranslated>N</IsTranslated>
                </AD_Element_Trl>
                <AD_Element_Trl type="translation">
                    <Description/>
                    <Help/>
                    <Name>Documento de transportista sin liquidar</Name>
                    <PO_Description/>
                    <PO_Help/>
                    <PO_Name/>
                    <PO_PrintName/>
                    <Placeholder/>
                    <PrintName>Documento de transportista sin liquidar</PrintName>
                    <AD_Language>es_VE</AD_Language>
                    <IsActive>Y</IsActive>
                    <IsTranslated>N</IsTranslated>
                </AD_Element_Trl>
            </AD_Element>
            <AD_Column type="table">
                <IsSyncDatabase>Y</IsSyncDatabase>
                <AD_Table_ID reference="uuid" reference-key="AD_Table">a470c81a-b723-46b8-9774-a79e03e87b84</AD_Table_ID>
                <AD_Reference_Value_ID reference="id"/>
                <AD_Client_ID>0</AD_Client_ID>
                <AD_Org_ID>0</AD_Org_ID>
                <Version>0.0</Version>
                <Name>Document Shipper Liquidation UnAllocated</Name>
                <Description/>
                <Help/>
                <AD_Val_Rule_ID reference="id"/>
                <ColumnName>FTU_RV_SLUnAllocated_ID</ColumnName>
                <DefaultValue/>
                <FieldLength>10</FieldLength>
                <IsKey>Y</IsKey>
                <IsParent>N</IsParent>
                <IsMandatory>N</IsMandatory>
                <IsTranslated>N</IsTranslated>
                <IsIdentifier>N</IsIdentifier>
                <SeqNo/>
                <IsEncrypted>N</IsEncrypted>
                <AD_Reference_ID reference="id">13</AD_Reference_ID>
                <AD_Org_ID reference="id">0</AD_Org_ID>
                <IsActive>Y</IsActive>
                <VFormat/>
                <Callout/>
                <AD_Element_ID reference="uuid" reference-key="AD_Element">8c56272e-937d-4264-863a-56ea461ff500</AD_Element_ID>
                <IsUpdateable>N</IsUpdateable>
                <AD_Process_ID reference="id"/>
                <ValueMin/>
                <ValueMax/>
                <IsSelectionColumn>N</IsSelectionColumn>
                <ReadOnlyLogic/>
                <EntityType>FTURW</EntityType>
                <IsAlwaysUpdateable>N</IsAlwaysUpdateable>
                <ColumnSQL/>
                <MandatoryLogic/>
                <IsAutocomplete>N</IsAutocomplete>
                <IsAllowLogging>Y</IsAllowLogging>
                <FormatPattern/>
                <AD_Chart_ID reference="id"/>
                <AD_Column_UU>fac0c2a0-7594-45ec-8869-bbc6dc9ae32c</AD_Column_UU>
                <IsAllowCopy>Y</IsAllowCopy>
                <SeqNoSelection/>
                <IsToolbarButton>N</IsToolbarButton>
                <IsSecure>N</IsSecure>
                <FKConstraintName/>
                <FKConstraintType>N</FKConstraintType>
                <PA_DashboardContent_ID reference="id"/>
                <Placeholder/>
                <IsHtml>N</IsHtml>
                <AD_Val_Rule_Lookup_ID reference="id"/>
                <AlwaysUpdatableLogic/>
                <AD_InfoWindow_ID reference="id"/>
            </AD_Column>
            <AD_Column type="table">
                <IsSyncDatabase>Y</IsSyncDatabase>
                <AD_Table_ID reference="uuid" reference-key="AD_Table">a470c81a-b723-46b8-9774-a79e03e87b84</AD_Table_ID>
                <AD_Reference_Value_ID reference="id"/>
                <AD_Client_ID>0</AD_Client_ID>
                <AD_Org_ID>0</AD_Org_ID>
                <Version>0.0</Version>
                <Name>Client</Name>
                <Description>Client/Tenant for this installation.</Description>
                <Help>A Client is a company or a legal entity. You cannot share data between Clients. Tenant is a synonym for Client.</Help>
                <AD_Val_Rule_ID reference="id">129</AD_Val_Rule_ID>
                <ColumnName>AD_Client_ID</ColumnName>
                <DefaultValue>@#AD_Client_ID@</DefaultValue>
                <FieldLength>10</FieldLength>
                <IsKey>N</IsKey>
                <IsParent>N</IsParent>
                <IsMandatory>N</IsMandatory>
                <IsTranslated>N</IsTranslated>
                <IsIdentifier>N</IsIdentifier>
                <SeqNo/>
                <IsEncrypted>N</IsEncrypted>
                <AD_Reference_ID reference="id">19</AD_Reference_ID>
                <AD_Org_ID reference="id">0</AD_Org_ID>
                <IsActive>Y</IsActive>
                <VFormat/>
                <Callout/>
                <AD_Element_ID reference="id">102</AD_Element_ID>
                <IsUpdateable>N</IsUpdateable>
                <AD_Process_ID reference="id"/>
                <ValueMin/>
                <ValueMax/>
                <IsSelectionColumn>N</IsSelectionColumn>
                <ReadOnlyLogic/>
                <EntityType>FTURW</EntityType>
                <IsAlwaysUpdateable>N</IsAlwaysUpdateable>
                <ColumnSQL/>
                <MandatoryLogic/>
                <IsAutocomplete>N</IsAutocomplete>
                <IsAllowLogging>Y</IsAllowLogging>
                <FormatPattern/>
                <AD_Chart_ID reference="id"/>
                <AD_Column_UU>d0472d01-a637-4697-811c-79e454579aa1</AD_Column_UU>
                <IsAllowCopy>Y</IsAllowCopy>
                <SeqNoSelection/>
                <IsToolbarButton>N</IsToolbarButton>
                <IsSecure>N</IsSecure>
                <FKConstraintName/>
                <FKConstraintType>D</FKConstraintType>
                <PA_DashboardContent_ID reference="id"/>
                <Placeholder/>
                <IsHtml>N</IsHtml>
                <AD_Val_Rule_Lookup_ID reference="id"/>
                <AlwaysUpdatableLogic/>
                <AD_InfoWindow_ID reference="id"/>
            </AD_Column>
            <AD_Column type="table">
                <IsSyncDatabase>Y</IsSyncDatabase>
                <AD_Table_ID reference="uuid" reference-key="AD_Table">a470c81a-b723-46b8-9774-a79e03e87b84</AD_Table_ID>
                <AD_Reference_Value_ID reference="id"/>
                <AD_Client_ID>0</AD_Client_ID>
                <AD_Org_ID>0</AD_Org_ID>
                <Version>0.0</Version>
                <Name>Organization</Name>
                <Description>Organizational entity within client</Description>
                <Help>An organization is a unit of your client or legal entity - examples are store, department. You can share data between organizations.</Help>
                <AD_Val_Rule_ID reference="id">104</AD_Val_Rule_ID>
                <ColumnName>AD_Org_ID</ColumnName>
                <DefaultValue>@#AD_Org_ID@</DefaultValue>
                <FieldLength>10</FieldLength>
                <IsKey>N</IsKey>
                <IsParent>N</IsParent>
                <IsMandatory>N</IsMandatory>
                <IsTranslated>N</IsTranslated>
                <IsIdentifier>N</IsIdentifier>
                <SeqNo/>
                <IsEncrypted>N</IsEncrypted>
                <AD_Reference_ID reference="id">19</AD_Reference_ID>
                <AD_Org_ID reference="id">0</AD_Org_ID>
                <IsActive>Y</IsActive>
                <VFormat/>
                <Callout/>
                <AD_Element_ID reference="id">113</AD_Element_ID>
                <IsUpdateable>N</IsUpdateable>
                <AD_Process_ID reference="id"/>
                <ValueMin/>
                <ValueMax/>
                <IsSelectionColumn>N</IsSelectionColumn>
                <ReadOnlyLogic/>
                <EntityType>FTURW</EntityType>
                <IsAlwaysUpdateable>N</IsAlwaysUpdateable>
                <ColumnSQL/>
                <MandatoryLogic/>
                <IsAutocomplete>N</IsAutocomplete>
                <IsAllowLogging>Y</IsAllowLogging>
                <FormatPattern/>
                <AD_Chart_ID reference="id"/>
                <AD_Column_UU>aff36180-d39e-477d-a592-186d1af14b09</AD_Column_UU>
                <IsAllowCopy>Y</IsAllowCopy>
                <SeqNoSelection/>
                <IsToolbarButton>N</IsToolbarButton>
                <IsSecure>N</IsSecure>
                <FKConstraintName/>
                <FKConstraintType>D</FKConstraintType>
                <PA_DashboardContent_ID reference="id"/>
                <Placeholder/>
                <IsHtml>N</IsHtml>
                <AD_Val_Rule_Lookup_ID reference="id"/>
                <AlwaysUpdatableLogic/>
                <AD_InfoWindow_ID reference="id"/>
            </AD_Column>
            <AD_Column type="table">
                <IsSyncDatabase>Y</IsSyncDatabase>
                <AD_Table_ID reference="uuid" reference-key="AD_Table">a470c81a-b723-46b8-9774-a79e03e87b84</AD_Table_ID>
                <AD_Reference_Value_ID reference="id"/>
                <AD_Client_ID>0</AD_Client_ID>
                <AD_Org_ID>0</AD_Org_ID>
                <Version>0.0</Version>
                <Name>Active</Name>
                <Description>The record is active in the system</Description>
                <Help>There are two methods of making records unavailable in the system: One is to delete the record, the other is to de-activate the record. A de-activated record is not available for selection, but available for reports.
                There are two reasons for de-activating and not deleting records:
                (1) The system requires the record for audit purposes.
                (2) The record is referenced by other records. E.g., you cannot delete a Business Partner, if there are invoices for this partner record existing. You de-activate the Business Partner and prevent that this record is used for future entries.</Help>
                <AD_Val_Rule_ID reference="id"/>
                <ColumnName>IsActive</ColumnName>
                <DefaultValue>Y</DefaultValue>
                <FieldLength>1</FieldLength>
                <IsKey>N</IsKey>
                <IsParent>N</IsParent>
                <IsMandatory>N</IsMandatory>
                <IsTranslated>N</IsTranslated>
                <IsIdentifier>N</IsIdentifier>
                <SeqNo/>
                <IsEncrypted>N</IsEncrypted>
                <AD_Reference_ID reference="id">20</AD_Reference_ID>
                <AD_Org_ID reference="id">0</AD_Org_ID>
                <IsActive>Y</IsActive>
                <VFormat/>
                <Callout/>
                <AD_Element_ID reference="id">348</AD_Element_ID>
                <IsUpdateable>N</IsUpdateable>
                <AD_Process_ID reference="id"/>
                <ValueMin/>
                <ValueMax/>
                <IsSelectionColumn>N</IsSelectionColumn>
                <ReadOnlyLogic/>
                <EntityType>FTURW</EntityType>
                <IsAlwaysUpdateable>N</IsAlwaysUpdateable>
                <ColumnSQL/>
                <MandatoryLogic/>
                <IsAutocomplete>N</IsAutocomplete>
                <IsAllowLogging>Y</IsAllowLogging>
                <FormatPattern/>
                <AD_Chart_ID reference="id"/>
                <AD_Column_UU>f3a62407-8880-4764-9d1d-9c0e9c40833f</AD_Column_UU>
                <IsAllowCopy>Y</IsAllowCopy>
                <SeqNoSelection/>
                <IsToolbarButton>N</IsToolbarButton>
                <IsSecure>N</IsSecure>
                <FKConstraintName/>
                <FKConstraintType>N</FKConstraintType>
                <PA_DashboardContent_ID reference="id"/>
                <Placeholder/>
                <IsHtml>N</IsHtml>
                <AD_Val_Rule_Lookup_ID reference="id"/>
                <AlwaysUpdatableLogic/>
                <AD_InfoWindow_ID reference="id"/>
            </AD_Column>
            <AD_Column type="table">
                <IsSyncDatabase>Y</IsSyncDatabase>
                <AD_Table_ID reference="uuid" reference-key="AD_Table">a470c81a-b723-46b8-9774-a79e03e87b84</AD_Table_ID>
                <AD_Reference_Value_ID reference="id">200037</AD_Reference_Value_ID>
                <AD_Client_ID>0</AD_Client_ID>
                <AD_Org_ID>0</AD_Org_ID>
                <Version>0.0</Version>
                <Name>Shipper</Name>
                <Description>Method or manner of product delivery</Description>
                <Help>The Shipper indicates the method of delivering product</Help>
                <AD_Val_Rule_ID reference="id"/>
                <ColumnName>M_Shipper_ID</ColumnName>
                <DefaultValue/>
                <FieldLength>10</FieldLength>
                <IsKey>N</IsKey>
                <IsParent>N</IsParent>
                <IsMandatory>N</IsMandatory>
                <IsTranslated>N</IsTranslated>
                <IsIdentifier>N</IsIdentifier>
                <SeqNo/>
                <IsEncrypted>N</IsEncrypted>
                <AD_Reference_ID reference="id">18</AD_Reference_ID>
                <AD_Org_ID reference="id">0</AD_Org_ID>
                <IsActive>Y</IsActive>
                <VFormat/>
                <Callout/>
                <AD_Element_ID reference="id">455</AD_Element_ID>
                <IsUpdateable>N</IsUpdateable>
                <AD_Process_ID reference="id"/>
                <ValueMin/>
                <ValueMax/>
                <IsSelectionColumn>N</IsSelectionColumn>
                <ReadOnlyLogic/>
                <EntityType>FTURW</EntityType>
                <IsAlwaysUpdateable>N</IsAlwaysUpdateable>
                <ColumnSQL/>
                <MandatoryLogic/>
                <IsAutocomplete>N</IsAutocomplete>
                <IsAllowLogging>Y</IsAllowLogging>
                <FormatPattern/>
                <AD_Chart_ID reference="id"/>
                <AD_Column_UU>33b7b40a-a62b-4de6-bfae-ece5a084cbfa</AD_Column_UU>
                <IsAllowCopy>Y</IsAllowCopy>
                <SeqNoSelection/>
                <IsToolbarButton>N</IsToolbarButton>
                <IsSecure>N</IsSecure>
                <FKConstraintName/>
                <FKConstraintType>N</FKConstraintType>
                <PA_DashboardContent_ID reference="id"/>
                <Placeholder/>
                <IsHtml>N</IsHtml>
                <AD_Val_Rule_Lookup_ID reference="id"/>
                <AlwaysUpdatableLogic/>
                <AD_InfoWindow_ID reference="id"/>
            </AD_Column>
            <AD_Column type="table">
                <IsSyncDatabase>Y</IsSyncDatabase>
                <AD_Table_ID reference="uuid" reference-key="AD_Table">a470c81a-b723-46b8-9774-a79e03e87b84</AD_Table_ID>
                <AD_Reference_Value_ID reference="id"/>
                <AD_Client_ID>0</AD_Client_ID>
                <AD_Org_ID>0</AD_Org_ID>
                <Version>0.0</Version>
                <Name>Shipper Name</Name>
                <Description/>
                <Help/>
                <AD_Val_Rule_ID reference="id"/>
                <ColumnName>ShipperName</ColumnName>
                <DefaultValue/>
                <FieldLength>60</FieldLength>
                <IsKey>N</IsKey>
                <IsParent>N</IsParent>
                <IsMandatory>N</IsMandatory>
                <IsTranslated>N</IsTranslated>
                <IsIdentifier>N</IsIdentifier>
                <SeqNo/>
                <IsEncrypted>N</IsEncrypted>
                <AD_Reference_ID reference="id">10</AD_Reference_ID>
                <AD_Org_ID reference="id">0</AD_Org_ID>
                <IsActive>Y</IsActive>
                <VFormat/>
                <Callout/>
                <AD_Element_ID reference="id">54240</AD_Element_ID>
                <IsUpdateable>N</IsUpdateable>
                <AD_Process_ID reference="id"/>
                <ValueMin/>
                <ValueMax/>
                <IsSelectionColumn>Y</IsSelectionColumn>
                <ReadOnlyLogic/>
                <EntityType>FTURW</EntityType>
                <IsAlwaysUpdateable>N</IsAlwaysUpdateable>
                <ColumnSQL/>
                <MandatoryLogic/>
                <IsAutocomplete>N</IsAutocomplete>
                <IsAllowLogging>Y</IsAllowLogging>
                <FormatPattern/>
                <AD_Chart_ID reference="id"/>
                <AD_Column_UU>5c115895-ec18-46fd-aee9-01f45e561757</AD_Column_UU>
                <IsAllowCopy>Y</IsAllowCopy>
                <SeqNoSelection>10</SeqNoSelection>
                <IsToolbarButton>N</IsToolbarButton>
                <IsSecure>N</IsSecure>
                <FKConstraintName/>
                <FKConstraintType>N</FKConstraintType>
                <PA_DashboardContent_ID reference="id"/>
                <Placeholder/>
                <IsHtml>N</IsHtml>
                <AD_Val_Rule_Lookup_ID reference="id"/>
                <AlwaysUpdatableLogic/>
                <AD_InfoWindow_ID reference="id"/>
            </AD_Column>
            <AD_Column type="table">
                <IsSyncDatabase>Y</IsSyncDatabase>
                <AD_Table_ID reference="uuid" reference-key="AD_Table">a470c81a-b723-46b8-9774-a79e03e87b84</AD_Table_ID>
                <AD_Reference_Value_ID reference="id"/>
                <AD_Client_ID>0</AD_Client_ID>
                <AD_Org_ID>0</AD_Org_ID>
                <Version>0.0</Version>
                <Name>Business Partner </Name>
                <Description>Identifies a Business Partner</Description>
                <Help>A Business Partner is anyone with whom you transact.  This can include Vendor, Customer, Employee or Salesperson</Help>
                <AD_Val_Rule_ID reference="id"/>
                <ColumnName>C_BPartner_ID</ColumnName>
                <DefaultValue/>
                <FieldLength>10</FieldLength>
                <IsKey>N</IsKey>
                <IsParent>N</IsParent>
                <IsMandatory>N</IsMandatory>
                <IsTranslated>N</IsTranslated>
                <IsIdentifier>N</IsIdentifier>
                <SeqNo/>
                <IsEncrypted>N</IsEncrypted>
                <AD_Reference_ID reference="id">30</AD_Reference_ID>
                <AD_Org_ID reference="id">0</AD_Org_ID>
                <IsActive>Y</IsActive>
                <VFormat/>
                <Callout/>
                <AD_Element_ID reference="id">187</AD_Element_ID>
                <IsUpdateable>N</IsUpdateable>
                <AD_Process_ID reference="id"/>
                <ValueMin/>
                <ValueMax/>
                <IsSelectionColumn>N</IsSelectionColumn>
                <ReadOnlyLogic/>
                <EntityType>FTURW</EntityType>
                <IsAlwaysUpdateable>N</IsAlwaysUpdateable>
                <ColumnSQL/>
                <MandatoryLogic/>
                <IsAutocomplete>N</IsAutocomplete>
                <IsAllowLogging>Y</IsAllowLogging>
                <FormatPattern/>
                <AD_Chart_ID reference="id"/>
                <AD_Column_UU>5506694d-8252-4238-90ef-02854fefaaeb</AD_Column_UU>
                <IsAllowCopy>Y</IsAllowCopy>
                <SeqNoSelection/>
                <IsToolbarButton>N</IsToolbarButton>
                <IsSecure>N</IsSecure>
                <FKConstraintName/>
                <FKConstraintType>N</FKConstraintType>
                <PA_DashboardContent_ID reference="id"/>
                <Placeholder/>
                <IsHtml>N</IsHtml>
                <AD_Val_Rule_Lookup_ID reference="id"/>
                <AlwaysUpdatableLogic/>
                <AD_InfoWindow_ID reference="id"/>
            </AD_Column>
            <AD_Column type="table">
                <IsSyncDatabase>Y</IsSyncDatabase>
                <AD_Table_ID reference="uuid" reference-key="AD_Table">a470c81a-b723-46b8-9774-a79e03e87b84</AD_Table_ID>
                <AD_Reference_Value_ID reference="id"/>
                <AD_Client_ID>0</AD_Client_ID>
                <AD_Org_ID>0</AD_Org_ID>
                <Version>0.0</Version>
                <Name>BP Search Key</Name>
                <Description>Business Partner Key Value</Description>
                <Help>Search Key of Business Partner</Help>
                <AD_Val_Rule_ID reference="id"/>
                <ColumnName>BPValue</ColumnName>
                <DefaultValue/>
                <FieldLength>40</FieldLength>
                <IsKey>N</IsKey>
                <IsParent>N</IsParent>
                <IsMandatory>N</IsMandatory>
                <IsTranslated>N</IsTranslated>
                <IsIdentifier>N</IsIdentifier>
                <SeqNo/>
                <IsEncrypted>N</IsEncrypted>
                <AD_Reference_ID reference="id">10</AD_Reference_ID>
                <AD_Org_ID reference="id">0</AD_Org_ID>
                <IsActive>Y</IsActive>
                <VFormat/>
                <Callout/>
                <AD_Element_ID reference="id">1876</AD_Element_ID>
                <IsUpdateable>N</IsUpdateable>
                <AD_Process_ID reference="id"/>
                <ValueMin/>
                <ValueMax/>
                <IsSelectionColumn>N</IsSelectionColumn>
                <ReadOnlyLogic/>
                <EntityType>FTURW</EntityType>
                <IsAlwaysUpdateable>N</IsAlwaysUpdateable>
                <ColumnSQL/>
                <MandatoryLogic/>
                <IsAutocomplete>N</IsAutocomplete>
                <IsAllowLogging>Y</IsAllowLogging>
                <FormatPattern/>
                <AD_Chart_ID reference="id"/>
                <AD_Column_UU>4b224a17-0bbe-4c33-8c44-fb32223f43a6</AD_Column_UU>
                <IsAllowCopy>Y</IsAllowCopy>
                <SeqNoSelection/>
                <IsToolbarButton>N</IsToolbarButton>
                <IsSecure>N</IsSecure>
                <FKConstraintName/>
                <FKConstraintType>N</FKConstraintType>
                <PA_DashboardContent_ID reference="id"/>
                <Placeholder/>
                <IsHtml>N</IsHtml>
                <AD_Val_Rule_Lookup_ID reference="id"/>
                <AlwaysUpdatableLogic/>
                <AD_InfoWindow_ID reference="id"/>
            </AD_Column>
            <AD_Column type="table">
                <IsSyncDatabase>Y</IsSyncDatabase>
                <AD_Table_ID reference="uuid" reference-key="AD_Table">a470c81a-b723-46b8-9774-a79e03e87b84</AD_Table_ID>
                <AD_Reference_Value_ID reference="id"/>
                <AD_Client_ID>0</AD_Client_ID>
                <AD_Org_ID>0</AD_Org_ID>
                <Version>0.0</Version>
                <Name>Partner Tax ID</Name>
                <Description>Tax ID of the Business Partner</Description>
                <Help/>
                <AD_Val_Rule_ID reference="id"/>
                <ColumnName>BPTaxID</ColumnName>
                <DefaultValue/>
                <FieldLength>20</FieldLength>
                <IsKey>N</IsKey>
                <IsParent>N</IsParent>
                <IsMandatory>N</IsMandatory>
                <IsTranslated>N</IsTranslated>
                <IsIdentifier>N</IsIdentifier>
                <SeqNo/>
                <IsEncrypted>N</IsEncrypted>
                <AD_Reference_ID reference="id">10</AD_Reference_ID>
                <AD_Org_ID reference="id">0</AD_Org_ID>
                <IsActive>Y</IsActive>
                <VFormat/>
                <Callout/>
                <AD_Element_ID reference="id">2266</AD_Element_ID>
                <IsUpdateable>N</IsUpdateable>
                <AD_Process_ID reference="id"/>
                <ValueMin/>
                <ValueMax/>
                <IsSelectionColumn>N</IsSelectionColumn>
                <ReadOnlyLogic/>
                <EntityType>FTURW</EntityType>
                <IsAlwaysUpdateable>N</IsAlwaysUpdateable>
                <ColumnSQL/>
                <MandatoryLogic/>
                <IsAutocomplete>N</IsAutocomplete>
                <IsAllowLogging>Y</IsAllowLogging>
                <FormatPattern/>
                <AD_Chart_ID reference="id"/>
                <AD_Column_UU>1ee891b4-8c4a-42fa-a018-0b9abe6ec37a</AD_Column_UU>
                <IsAllowCopy>Y</IsAllowCopy>
                <SeqNoSelection/>
                <IsToolbarButton>N</IsToolbarButton>
                <IsSecure>N</IsSecure>
                <FKConstraintName/>
                <FKConstraintType>N</FKConstraintType>
                <PA_DashboardContent_ID reference="id"/>
                <Placeholder/>
                <IsHtml>N</IsHtml>
                <AD_Val_Rule_Lookup_ID reference="id"/>
                <AlwaysUpdatableLogic/>
                <AD_InfoWindow_ID reference="id"/>
            </AD_Column>
            <AD_Column type="table">
                <IsSyncDatabase>Y</IsSyncDatabase>
                <AD_Table_ID reference="uuid" reference-key="AD_Table">a470c81a-b723-46b8-9774-a79e03e87b84</AD_Table_ID>
                <AD_Reference_Value_ID reference="id"/>
                <AD_Client_ID>0</AD_Client_ID>
                <AD_Org_ID>0</AD_Org_ID>
                <Version>0.0</Version>
                <Name>BP Name</Name>
                <Description/>
                <Help/>
                <AD_Val_Rule_ID reference="id"/>
                <ColumnName>BPName</ColumnName>
                <DefaultValue/>
                <FieldLength>120</FieldLength>
                <IsKey>N</IsKey>
                <IsParent>N</IsParent>
                <IsMandatory>N</IsMandatory>
                <IsTranslated>N</IsTranslated>
                <IsIdentifier>N</IsIdentifier>
                <SeqNo/>
                <IsEncrypted>N</IsEncrypted>
                <AD_Reference_ID reference="id">10</AD_Reference_ID>
                <AD_Org_ID reference="id">0</AD_Org_ID>
                <IsActive>Y</IsActive>
                <VFormat/>
                <Callout/>
                <AD_Element_ID reference="id">2510</AD_Element_ID>
                <IsUpdateable>N</IsUpdateable>
                <AD_Process_ID reference="id"/>
                <ValueMin/>
                <ValueMax/>
                <IsSelectionColumn>Y</IsSelectionColumn>
                <ReadOnlyLogic/>
                <EntityType>FTURW</EntityType>
                <IsAlwaysUpdateable>N</IsAlwaysUpdateable>
                <ColumnSQL/>
                <MandatoryLogic/>
                <IsAutocomplete>N</IsAutocomplete>
                <IsAllowLogging>Y</IsAllowLogging>
                <FormatPattern/>
                <AD_Chart_ID reference="id"/>
                <AD_Column_UU>21312a19-7435-4441-af76-913bb60fa67e</AD_Column_UU>
                <IsAllowCopy>Y</IsAllowCopy>
                <SeqNoSelection>20</SeqNoSelection>
                <IsToolbarButton>N</IsToolbarButton>
                <IsSecure>N</IsSecure>
                <FKConstraintName/>
                <FKConstraintType>N</FKConstraintType>
                <PA_DashboardContent_ID reference="id"/>
                <Placeholder/>
                <IsHtml>N</IsHtml>
                <AD_Val_Rule_Lookup_ID reference="id"/>
                <AlwaysUpdatableLogic/>
                <AD_InfoWindow_ID reference="id"/>
            </AD_Column>
            <AD_Column type="table">
                <IsSyncDatabase>Y</IsSyncDatabase>
                <AD_Table_ID reference="uuid" reference-key="AD_Table">a470c81a-b723-46b8-9774-a79e03e87b84</AD_Table_ID>
                <AD_Reference_Value_ID reference="id"/>
                <AD_Client_ID>0</AD_Client_ID>
                <AD_Org_ID>0</AD_Org_ID>
                <Version>0.0</Version>
                <Name>Business Partner Group</Name>
                <Description>Business Partner Group</Description>
                <Help>The Business Partner Group provides a method of defining defaults to be used for individual Business Partners.</Help>
                <AD_Val_Rule_ID reference="id"/>
                <ColumnName>C_BP_Group_ID</ColumnName>
                <DefaultValue/>
                <FieldLength>10</FieldLength>
                <IsKey>N</IsKey>
                <IsParent>N</IsParent>
                <IsMandatory>N</IsMandatory>
                <IsTranslated>N</IsTranslated>
                <IsIdentifier>N</IsIdentifier>
                <SeqNo/>
                <IsEncrypted>N</IsEncrypted>
                <AD_Reference_ID reference="id">19</AD_Reference_ID>
                <AD_Org_ID reference="id">0</AD_Org_ID>
                <IsActive>Y</IsActive>
                <VFormat/>
                <Callout/>
                <AD_Element_ID reference="id">1383</AD_Element_ID>
                <IsUpdateable>N</IsUpdateable>
                <AD_Process_ID reference="id"/>
                <ValueMin/>
                <ValueMax/>
                <IsSelectionColumn>N</IsSelectionColumn>
                <ReadOnlyLogic/>
                <EntityType>FTURW</EntityType>
                <IsAlwaysUpdateable>N</IsAlwaysUpdateable>
                <ColumnSQL/>
                <MandatoryLogic/>
                <IsAutocomplete>N</IsAutocomplete>
                <IsAllowLogging>Y</IsAllowLogging>
                <FormatPattern/>
                <AD_Chart_ID reference="id"/>
                <AD_Column_UU>2c210f37-84ec-4080-83a4-597ecfa0c192</AD_Column_UU>
                <IsAllowCopy>Y</IsAllowCopy>
                <SeqNoSelection/>
                <IsToolbarButton>N</IsToolbarButton>
                <IsSecure>N</IsSecure>
                <FKConstraintName/>
                <FKConstraintType>N</FKConstraintType>
                <PA_DashboardContent_ID reference="id"/>
                <Placeholder/>
                <IsHtml>N</IsHtml>
                <AD_Val_Rule_Lookup_ID reference="id"/>
                <AlwaysUpdatableLogic/>
                <AD_InfoWindow_ID reference="id"/>
            </AD_Column>
            <AD_Column type="table">
                <IsSyncDatabase>Y</IsSyncDatabase>
                <AD_Table_ID reference="uuid" reference-key="AD_Table">a470c81a-b723-46b8-9774-a79e03e87b84</AD_Table_ID>
                <AD_Reference_Value_ID reference="id"/>
                <AD_Client_ID>0</AD_Client_ID>
                <AD_Org_ID>0</AD_Org_ID>
                <Version>0.0</Version>
                <Name>Document Type</Name>
                <Description>Document type or rules</Description>
                <Help>The Document Type determines document sequence and processing rules</Help>
                <AD_Val_Rule_ID reference="id"/>
                <ColumnName>C_DocType_ID</ColumnName>
                <DefaultValue/>
                <FieldLength>10</FieldLength>
                <IsKey>N</IsKey>
                <IsParent>N</IsParent>
                <IsMandatory>N</IsMandatory>
                <IsTranslated>N</IsTranslated>
                <IsIdentifier>N</IsIdentifier>
                <SeqNo/>
                <IsEncrypted>N</IsEncrypted>
                <AD_Reference_ID reference="id">19</AD_Reference_ID>
                <AD_Org_ID reference="id">0</AD_Org_ID>
                <IsActive>Y</IsActive>
                <VFormat/>
                <Callout/>
                <AD_Element_ID reference="id">196</AD_Element_ID>
                <IsUpdateable>N</IsUpdateable>
                <AD_Process_ID reference="id"/>
                <ValueMin/>
                <ValueMax/>
                <IsSelectionColumn>N</IsSelectionColumn>
                <ReadOnlyLogic/>
                <EntityType>FTURW</EntityType>
                <IsAlwaysUpdateable>N</IsAlwaysUpdateable>
                <ColumnSQL/>
                <MandatoryLogic/>
                <IsAutocomplete>N</IsAutocomplete>
                <IsAllowLogging>Y</IsAllowLogging>
                <FormatPattern/>
                <AD_Chart_ID reference="id"/>
                <AD_Column_UU>eaacfd46-f319-49bb-ae3e-3ac993d0cff9</AD_Column_UU>
                <IsAllowCopy>Y</IsAllowCopy>
                <SeqNoSelection/>
                <IsToolbarButton>N</IsToolbarButton>
                <IsSecure>N</IsSecure>
                <FKConstraintName/>
                <FKConstraintType>N</FKConstraintType>
                <PA_DashboardContent_ID reference="id"/>
                <Placeholder/>
                <IsHtml>N</IsHtml>
                <AD_Val_Rule_Lookup_ID reference="id"/>
                <AlwaysUpdatableLogic/>
                <AD_InfoWindow_ID reference="id"/>
            </AD_Column>
            <AD_Column type="table">
                <IsSyncDatabase>Y</IsSyncDatabase>
                <AD_Table_ID reference="uuid" reference-key="AD_Table">a470c81a-b723-46b8-9774-a79e03e87b84</AD_Table_ID>
                <AD_Reference_Value_ID reference="id"/>
                <AD_Client_ID>0</AD_Client_ID>
                <AD_Org_ID>0</AD_Org_ID>
                <Version>0.0</Version>
                <Name>Document No</Name>
                <Description>Document sequence number of the document</Description>
                <Help>The document number is usually automatically generated by the system and determined by the document type of the document. If the document is not saved, the preliminary number is displayed in "&lt;&gt;".

                If the document type of your document has no automatic document sequence defined, the field is empty if you create a new document. This is for documents which usually have an external number (like vendor invoice).  If you leave the field empty, the system will generate a document number for you. The document sequence used for this fallback number is defined in the "Maintain Sequence" window with the name "DocumentNo_&lt;TableName&gt;", where TableName is the actual name of the table (e.g. C_Order).</Help>
                <AD_Val_Rule_ID reference="id"/>
                <ColumnName>DocumentNo</ColumnName>
                <DefaultValue/>
                <FieldLength>30</FieldLength>
                <IsKey>N</IsKey>
                <IsParent>N</IsParent>
                <IsMandatory>N</IsMandatory>
                <IsTranslated>N</IsTranslated>
                <IsIdentifier>N</IsIdentifier>
                <SeqNo/>
                <IsEncrypted>N</IsEncrypted>
                <AD_Reference_ID reference="id">10</AD_Reference_ID>
                <AD_Org_ID reference="id">0</AD_Org_ID>
                <IsActive>Y</IsActive>
                <VFormat/>
                <Callout/>
                <AD_Element_ID reference="id">290</AD_Element_ID>
                <IsUpdateable>N</IsUpdateable>
                <AD_Process_ID reference="id"/>
                <ValueMin/>
                <ValueMax/>
                <IsSelectionColumn>Y</IsSelectionColumn>
                <ReadOnlyLogic/>
                <EntityType>FTURW</EntityType>
                <IsAlwaysUpdateable>N</IsAlwaysUpdateable>
                <ColumnSQL/>
                <MandatoryLogic/>
                <IsAutocomplete>N</IsAutocomplete>
                <IsAllowLogging>Y</IsAllowLogging>
                <FormatPattern/>
                <AD_Chart_ID reference="id"/>
                <AD_Column_UU>d74052e0-478a-44ab-8612-8cfa465932eb</AD_Column_UU>
                <IsAllowCopy>Y</IsAllowCopy>
                <SeqNoSelection>30</SeqNoSelection>
                <IsToolbarButton>N</IsToolbarButton>
                <IsSecure>N</IsSecure>
                <FKConstraintName/>
                <FKConstraintType>N</FKConstraintType>
                <PA_DashboardContent_ID reference="id"/>
                <Placeholder/>
                <IsHtml>N</IsHtml>
                <AD_Val_Rule_Lookup_ID reference="id"/>
                <AlwaysUpdatableLogic/>
                <AD_InfoWindow_ID reference="id"/>
            </AD_Column>
            <AD_Column type="table">
                <IsSyncDatabase>Y</IsSyncDatabase>
                <AD_Table_ID reference="uuid" reference-key="AD_Table">a470c81a-b723-46b8-9774-a79e03e87b84</AD_Table_ID>
                <AD_Reference_Value_ID reference="id"/>
                <AD_Client_ID>0</AD_Client_ID>
                <AD_Org_ID>0</AD_Org_ID>
                <Version>0.0</Version>
                <Name>Document Date</Name>
                <Description>Date of the Document</Description>
                <Help>The Document Date indicates the date the document was generated.  It may or may not be the same as the accounting date.</Help>
                <AD_Val_Rule_ID reference="id"/>
                <ColumnName>DateDoc</ColumnName>
                <DefaultValue>@#Date@</DefaultValue>
                <FieldLength>29</FieldLength>
                <IsKey>N</IsKey>
                <IsParent>N</IsParent>
                <IsMandatory>N</IsMandatory>
                <IsTranslated>N</IsTranslated>
                <IsIdentifier>N</IsIdentifier>
                <SeqNo/>
                <IsEncrypted>N</IsEncrypted>
                <AD_Reference_ID reference="id">15</AD_Reference_ID>
                <AD_Org_ID reference="id">0</AD_Org_ID>
                <IsActive>Y</IsActive>
                <VFormat/>
                <Callout/>
                <AD_Element_ID reference="id">265</AD_Element_ID>
                <IsUpdateable>N</IsUpdateable>
                <AD_Process_ID reference="id"/>
                <ValueMin/>
                <ValueMax/>
                <IsSelectionColumn>N</IsSelectionColumn>
                <ReadOnlyLogic/>
                <EntityType>FTURW</EntityType>
                <IsAlwaysUpdateable>N</IsAlwaysUpdateable>
                <ColumnSQL/>
                <MandatoryLogic/>
                <IsAutocomplete>N</IsAutocomplete>
                <IsAllowLogging>Y</IsAllowLogging>
                <FormatPattern/>
                <AD_Chart_ID reference="id"/>
                <AD_Column_UU>2f513293-db7a-4651-9df8-e17ab244934c</AD_Column_UU>
                <IsAllowCopy>Y</IsAllowCopy>
                <SeqNoSelection/>
                <IsToolbarButton>N</IsToolbarButton>
                <IsSecure>N</IsSecure>
                <FKConstraintName/>
                <FKConstraintType>N</FKConstraintType>
                <PA_DashboardContent_ID reference="id"/>
                <Placeholder/>
                <IsHtml>N</IsHtml>
                <AD_Val_Rule_Lookup_ID reference="id"/>
                <AlwaysUpdatableLogic/>
                <AD_InfoWindow_ID reference="id"/>
            </AD_Column>
            <AD_Column type="table">
                <IsSyncDatabase>Y</IsSyncDatabase>
                <AD_Table_ID reference="uuid" reference-key="AD_Table">a470c81a-b723-46b8-9774-a79e03e87b84</AD_Table_ID>
                <AD_Reference_Value_ID reference="id"/>
                <AD_Client_ID>0</AD_Client_ID>
                <AD_Org_ID>0</AD_Org_ID>
                <Version>0.0</Version>
                <Name>Description</Name>
                <Description>Optional short description of the record</Description>
                <Help>A description is limited to 255 characters.</Help>
                <AD_Val_Rule_ID reference="id"/>
                <ColumnName>Description</ColumnName>
                <DefaultValue/>
                <FieldLength>255</FieldLength>
                <IsKey>N</IsKey>
                <IsParent>N</IsParent>
                <IsMandatory>N</IsMandatory>
                <IsTranslated>N</IsTranslated>
                <IsIdentifier>N</IsIdentifier>
                <SeqNo/>
                <IsEncrypted>N</IsEncrypted>
                <AD_Reference_ID reference="id">10</AD_Reference_ID>
                <AD_Org_ID reference="id">0</AD_Org_ID>
                <IsActive>Y</IsActive>
                <VFormat/>
                <Callout/>
                <AD_Element_ID reference="id">275</AD_Element_ID>
                <IsUpdateable>N</IsUpdateable>
                <AD_Process_ID reference="id"/>
                <ValueMin/>
                <ValueMax/>
                <IsSelectionColumn>Y</IsSelectionColumn>
                <ReadOnlyLogic/>
                <EntityType>FTURW</EntityType>
                <IsAlwaysUpdateable>N</IsAlwaysUpdateable>
                <ColumnSQL/>
                <MandatoryLogic/>
                <IsAutocomplete>N</IsAutocomplete>
                <IsAllowLogging>Y</IsAllowLogging>
                <FormatPattern/>
                <AD_Chart_ID reference="id"/>
                <AD_Column_UU>84513ce9-427a-4943-b965-65a5d6558739</AD_Column_UU>
                <IsAllowCopy>Y</IsAllowCopy>
                <SeqNoSelection>40</SeqNoSelection>
                <IsToolbarButton>N</IsToolbarButton>
                <IsSecure>N</IsSecure>
                <FKConstraintName/>
                <FKConstraintType>N</FKConstraintType>
                <PA_DashboardContent_ID reference="id"/>
                <Placeholder/>
                <IsHtml>N</IsHtml>
                <AD_Val_Rule_Lookup_ID reference="id"/>
                <AlwaysUpdatableLogic/>
                <AD_InfoWindow_ID reference="id"/>
            </AD_Column>
            <AD_Column type="table">
                <IsSyncDatabase>Y</IsSyncDatabase>
                <AD_Table_ID reference="uuid" reference-key="AD_Table">a470c81a-b723-46b8-9774-a79e03e87b84</AD_Table_ID>
                <AD_Reference_Value_ID reference="id"/>
                <AD_Client_ID>0</AD_Client_ID>
                <AD_Org_ID>0</AD_Org_ID>
                <Version>0.0</Version>
                <Name>Currency</Name>
                <Description>The Currency for this record</Description>
                <Help>Indicates the Currency to be used when processing or reporting on this record</Help>
                <AD_Val_Rule_ID reference="id"/>
                <ColumnName>C_Currency_ID</ColumnName>
                <DefaultValue/>
                <FieldLength>10</FieldLength>
                <IsKey>N</IsKey>
                <IsParent>N</IsParent>
                <IsMandatory>N</IsMandatory>
                <IsTranslated>N</IsTranslated>
                <IsIdentifier>N</IsIdentifier>
                <SeqNo/>
                <IsEncrypted>N</IsEncrypted>
                <AD_Reference_ID reference="id">19</AD_Reference_ID>
                <AD_Org_ID reference="id">0</AD_Org_ID>
                <IsActive>Y</IsActive>
                <VFormat/>
                <Callout/>
                <AD_Element_ID reference="id">193</AD_Element_ID>
                <IsUpdateable>N</IsUpdateable>
                <AD_Process_ID reference="id"/>
                <ValueMin/>
                <ValueMax/>
                <IsSelectionColumn>N</IsSelectionColumn>
                <ReadOnlyLogic/>
                <EntityType>FTURW</EntityType>
                <IsAlwaysUpdateable>N</IsAlwaysUpdateable>
                <ColumnSQL/>
                <MandatoryLogic/>
                <IsAutocomplete>N</IsAutocomplete>
                <IsAllowLogging>Y</IsAllowLogging>
                <FormatPattern/>
                <AD_Chart_ID reference="id"/>
                <AD_Column_UU>3649c1c1-a705-4847-9acb-89ff42f8b1c1</AD_Column_UU>
                <IsAllowCopy>Y</IsAllowCopy>
                <SeqNoSelection/>
                <IsToolbarButton>N</IsToolbarButton>
                <IsSecure>N</IsSecure>
                <FKConstraintName/>
                <FKConstraintType>N</FKConstraintType>
                <PA_DashboardContent_ID reference="id"/>
                <Placeholder/>
                <IsHtml>N</IsHtml>
                <AD_Val_Rule_Lookup_ID reference="id"/>
                <AlwaysUpdatableLogic/>
                <AD_InfoWindow_ID reference="id"/>
            </AD_Column>
            <AD_Column type="table">
                <IsSyncDatabase>Y</IsSyncDatabase>
                <AD_Table_ID reference="uuid" reference-key="AD_Table">a470c81a-b723-46b8-9774-a79e03e87b84</AD_Table_ID>
                <AD_Reference_Value_ID reference="id"/>
                <AD_Client_ID>0</AD_Client_ID>
                <AD_Org_ID>0</AD_Org_ID>
                <Version>0.0</Version>
                <Name>Amount</Name>
                <Description>Amount in a defined currency</Description>
                <Help>The Amount indicates the amount for this document line.</Help>
                <AD_Val_Rule_ID reference="id"/>
                <ColumnName>Amount</ColumnName>
                <DefaultValue/>
                <FieldLength>14</FieldLength>
                <IsKey>N</IsKey>
                <IsParent>N</IsParent>
                <IsMandatory>N</IsMandatory>
                <IsTranslated>N</IsTranslated>
                <IsIdentifier>N</IsIdentifier>
                <SeqNo/>
                <IsEncrypted>N</IsEncrypted>
                <AD_Reference_ID reference="id">12</AD_Reference_ID>
                <AD_Org_ID reference="id">0</AD_Org_ID>
                <IsActive>Y</IsActive>
                <VFormat/>
                <Callout/>
                <AD_Element_ID reference="id">1367</AD_Element_ID>
                <IsUpdateable>N</IsUpdateable>
                <AD_Process_ID reference="id"/>
                <ValueMin/>
                <ValueMax/>
                <IsSelectionColumn>N</IsSelectionColumn>
                <ReadOnlyLogic/>
                <EntityType>FTURW</EntityType>
                <IsAlwaysUpdateable>N</IsAlwaysUpdateable>
                <ColumnSQL/>
                <MandatoryLogic/>
                <IsAutocomplete>N</IsAutocomplete>
                <IsAllowLogging>Y</IsAllowLogging>
                <FormatPattern/>
                <AD_Chart_ID reference="id"/>
                <AD_Column_UU>58916098-e87e-47a9-9120-1485849619d5</AD_Column_UU>
                <IsAllowCopy>Y</IsAllowCopy>
                <SeqNoSelection/>
                <IsToolbarButton>N</IsToolbarButton>
                <IsSecure>N</IsSecure>
                <FKConstraintName/>
                <FKConstraintType>N</FKConstraintType>
                <PA_DashboardContent_ID reference="id"/>
                <Placeholder/>
                <IsHtml>N</IsHtml>
                <AD_Val_Rule_Lookup_ID reference="id"/>
                <AlwaysUpdatableLogic/>
                <AD_InfoWindow_ID reference="id"/>
            </AD_Column>
            <AD_Column type="table">
                <IsSyncDatabase>Y</IsSyncDatabase>
                <AD_Table_ID reference="uuid" reference-key="AD_Table">a470c81a-b723-46b8-9774-a79e03e87b84</AD_Table_ID>
                <AD_Reference_Value_ID reference="uuid" reference-key="AD_Reference">20f4d20f-9686-4ee7-a941-48ec7ca06525</AD_Reference_Value_ID>
                <AD_Client_ID>0</AD_Client_ID>
                <AD_Org_ID>0</AD_Org_ID>
                <Version>0.0</Version>
                <Name>Deduction Type</Name>
                <Description/>
                <Help/>
                <AD_Val_Rule_ID reference="id"/>
                <ColumnName>DeductionType</ColumnName>
                <DefaultValue>01</DefaultValue>
                <FieldLength>2147483647</FieldLength>
                <IsKey>N</IsKey>
                <IsParent>N</IsParent>
                <IsMandatory>N</IsMandatory>
                <IsTranslated>N</IsTranslated>
                <IsIdentifier>N</IsIdentifier>
                <SeqNo/>
                <IsEncrypted>N</IsEncrypted>
                <AD_Reference_ID reference="id">17</AD_Reference_ID>
                <AD_Org_ID reference="id">0</AD_Org_ID>
                <IsActive>Y</IsActive>
                <VFormat/>
                <Callout/>
                <AD_Element_ID reference="uuid" reference-key="AD_Element">a7cd4cfd-f26c-4184-a004-bdba163a4c8f</AD_Element_ID>
                <IsUpdateable>N</IsUpdateable>
                <AD_Process_ID reference="id"/>
                <ValueMin/>
                <ValueMax/>
                <IsSelectionColumn>N</IsSelectionColumn>
                <ReadOnlyLogic/>
                <EntityType>FTURW</EntityType>
                <IsAlwaysUpdateable>N</IsAlwaysUpdateable>
                <ColumnSQL/>
                <MandatoryLogic/>
                <IsAutocomplete>N</IsAutocomplete>
                <IsAllowLogging>Y</IsAllowLogging>
                <FormatPattern/>
                <AD_Chart_ID reference="id"/>
                <AD_Column_UU>12df3737-c697-4370-87b6-59635f5d3acf</AD_Column_UU>
                <IsAllowCopy>Y</IsAllowCopy>
                <SeqNoSelection/>
                <IsToolbarButton>N</IsToolbarButton>
                <IsSecure>N</IsSecure>
                <FKConstraintName/>
                <FKConstraintType>N</FKConstraintType>
                <PA_DashboardContent_ID reference="id"/>
                <Placeholder/>
                <IsHtml>N</IsHtml>
                <AD_Val_Rule_Lookup_ID reference="id"/>
                <AlwaysUpdatableLogic/>
                <AD_InfoWindow_ID reference="id"/>
            </AD_Column>
        </AD_Table>
        <AD_ReportView type="table">
            <AD_Client_ID>0</AD_Client_ID>
            <AD_Org_ID>0</AD_Org_ID>
            <AD_Org_ID reference="id">0</AD_Org_ID>
            <IsActive>Y</IsActive>
            <Name>FTU_RV_SLUnAllocated</Name>
            <Description/>
            <AD_Table_ID reference="uuid" reference-key="AD_Table">a470c81a-b723-46b8-9774-a79e03e87b84</AD_Table_ID>
            <WhereClause/>
            <OrderByClause/>
            <EntityType>FTURW</EntityType>
            <AD_ReportView_UU>d8906ba4-21dc-4aaf-b6e3-aa69501267de</AD_ReportView_UU>
        </AD_ReportView>
        <AD_Process type="table">
            <AD_Client_ID>0</AD_Client_ID>
            <AD_Org_ID>0</AD_Org_ID>
            <AD_Org_ID reference="id">0</AD_Org_ID>
            <IsActive>Y</IsActive>
            <Name>View Shipper Liquidation UnAllocated</Name>
            <Description>Documents Shipper Liquidation UnAllocated</Description>
            <Help>This report show all documents unallocated of Shipper</Help>
            <ProcedureName/>
            <IsReport>Y</IsReport>
            <Value>inf_FTU_RV_SLUnAllocated</Value>
            <IsDirectPrint>N</IsDirectPrint>
            <AD_ReportView_ID reference="uuid" reference-key="AD_ReportView">d8906ba4-21dc-4aaf-b6e3-aa69501267de</AD_ReportView_ID>
            <Classname/>
            <AccessLevel>3</AccessLevel>
            <EntityType>FTURW</EntityType>
            <Statistic_Count>4</Statistic_Count>
            <Statistic_Seconds>4</Statistic_Seconds>
            <AD_PrintFormat_ID reference="id"/>
            <WorkflowValue/>
            <AD_Workflow_ID reference="id"/>
            <IsBetaFunctionality>N</IsBetaFunctionality>
            <ShowHelp>Y</ShowHelp>
            <JasperReport/>
            <AD_Form_ID reference="id"/>
            <CopyFromProcess>N</CopyFromProcess>
            <AD_Process_UU>9e94b927-8eed-45a4-988c-02c22a1ecfda</AD_Process_UU>
            <AD_CtxHelp_ID reference="id"/>
            <ExecutionType/>
            <AllowMultipleExecution>P</AllowMultipleExecution>
            <FileNamePattern/>
            <AD_Process_Trl type="translation">
                <Description>Documentos del transportista sin liquidar</Description>
                <Help>Este reporte muestra todos los documentos del transportista que no se han liquidado.</Help>
                <Name>Reporte documentos del transportista sin liquidar</Name>
                <AD_Language>es_CO</AD_Language>
                <IsActive>Y</IsActive>
                <IsTranslated>N</IsTranslated>
            </AD_Process_Trl>
            <AD_Process_Trl type="translation">
                <Description>Documentos del transportista sin liquidar</Description>
                <Help>Este reporte muestra todos los documentos del transportista que no se han liquidado.</Help>
                <Name>Reporte documentos del transportista sin liquidar</Name>
                <AD_Language>es_VE</AD_Language>
                <IsActive>Y</IsActive>
                <IsTranslated>N</IsTranslated>
            </AD_Process_Trl>
            <AD_Process_Para type="table">
                <AD_Client_ID>0</AD_Client_ID>
                <AD_Org_ID>0</AD_Org_ID>
                <AD_Org_ID reference="id">0</AD_Org_ID>
                <IsActive>Y</IsActive>
                <Name>Organization</Name>
                <Description>Organizational entity within client</Description>
                <Help>An organization is a unit of your client or legal entity - examples are store, department. You can share data between organizations.</Help>
                <AD_Process_ID reference="uuid" reference-key="AD_Process">9e94b927-8eed-45a4-988c-02c22a1ecfda</AD_Process_ID>
                <SeqNo>10</SeqNo>
                <AD_Reference_ID reference="id">19</AD_Reference_ID>
                <AD_Reference_Value_ID reference="id"/>
                <IsRange>N</IsRange>
                <AD_Val_Rule_ID reference="id"/>
                <FieldLength>0</FieldLength>
                <IsMandatory>N</IsMandatory>
                <DefaultValue>@#AD_Org_ID@</DefaultValue>
                <VFormat/>
                <ValueMin/>
                <ValueMax/>
                <ColumnName>AD_Org_ID</ColumnName>
                <DefaultValue2/>
                <IsCentrallyMaintained>Y</IsCentrallyMaintained>
                <EntityType>FTURW</EntityType>
                <AD_Element_ID reference="id">113</AD_Element_ID>
                <ReadOnlyLogic/>
                <DisplayLogic/>
                <AD_Process_Para_UU>7e58d14e-e1d7-462d-8173-dd2bbb163ea3</AD_Process_Para_UU>
                <IsEncrypted>N</IsEncrypted>
                <MandatoryLogic/>
                <Query/>
                <AD_FieldGroup_ID reference="id"/>
                <Placeholder/>
                <Placeholder2/>
                <IsAutocomplete>N</IsAutocomplete>
                <DateRangeOption>D</DateRangeOption>
                <IsShowNegateButton>N</IsShowNegateButton>
                <AD_Process_Para_Trl type="translation">
                    <Description>Entidad organizacional dentro del grupo empresarial</Description>
                    <Help>Una organización es una unidad del grupo empresarial o entidad legal - Ej. Tiendas y departamentos. Es posible compartir datos entre organizaciones.</Help>
                    <Name>Organizacion</Name>
                    <Placeholder/>
                    <Placeholder2/>
                    <AD_Language>es_CO</AD_Language>
                    <IsActive>Y</IsActive>
                    <IsTranslated>Y</IsTranslated>
                </AD_Process_Para_Trl>
                <AD_Process_Para_Trl type="translation">
                    <Description>Entidad organizacional dentro del grupo empresarial</Description>
                    <Help>Una organización es una unidad del grupo empresarial o entidad legal - Ej. Tiendas y departamentos. Es posible compartir datos entre organizaciones.</Help>
                    <Name>Organizacion</Name>
                    <Placeholder/>
                    <Placeholder2/>
                    <AD_Language>es_VE</AD_Language>
                    <IsActive>Y</IsActive>
                    <IsTranslated>N</IsTranslated>
                </AD_Process_Para_Trl>
            </AD_Process_Para>
            <AD_Process_Para type="table">
                <AD_Client_ID>0</AD_Client_ID>
                <AD_Org_ID>0</AD_Org_ID>
                <AD_Org_ID reference="id">0</AD_Org_ID>
                <IsActive>Y</IsActive>
                <Name>Business Partner Group</Name>
                <Description>Business Partner Group</Description>
                <Help>The Business Partner Group provides a method of defining defaults to be used for individual Business Partners.</Help>
                <AD_Process_ID reference="uuid" reference-key="AD_Process">9e94b927-8eed-45a4-988c-02c22a1ecfda</AD_Process_ID>
                <SeqNo>20</SeqNo>
                <AD_Reference_ID reference="id">19</AD_Reference_ID>
                <AD_Reference_Value_ID reference="id"/>
                <IsRange>N</IsRange>
                <AD_Val_Rule_ID reference="id"/>
                <FieldLength>0</FieldLength>
                <IsMandatory>N</IsMandatory>
                <DefaultValue>-1</DefaultValue>
                <VFormat/>
                <ValueMin/>
                <ValueMax/>
                <ColumnName>C_BP_Group_ID</ColumnName>
                <DefaultValue2/>
                <IsCentrallyMaintained>Y</IsCentrallyMaintained>
                <EntityType>FTURW</EntityType>
                <AD_Element_ID reference="id">1383</AD_Element_ID>
                <ReadOnlyLogic/>
                <DisplayLogic/>
                <AD_Process_Para_UU>3e0aa426-2cb3-4256-b69f-5e3a7d0deb17</AD_Process_Para_UU>
                <IsEncrypted>N</IsEncrypted>
                <MandatoryLogic/>
                <Query/>
                <AD_FieldGroup_ID reference="id"/>
                <Placeholder/>
                <Placeholder2/>
                <IsAutocomplete>N</IsAutocomplete>
                <DateRangeOption>D</DateRangeOption>
                <IsShowNegateButton>N</IsShowNegateButton>
                <AD_Process_Para_Trl type="translation">
                    <Description>ID del Grupo de Tercero</Description>
                    <Help>La ID Grupo del Tercero proporciona un método de definir valores predeterminados a ser usados para Terceros individuales.</Help>
                    <Name>Grupo de Tercero</Name>
                    <Placeholder/>
                    <Placeholder2/>
                    <AD_Language>es_CO</AD_Language>
                    <IsActive>Y</IsActive>
                    <IsTranslated>Y</IsTranslated>
                </AD_Process_Para_Trl>
                <AD_Process_Para_Trl type="translation">
                    <Description>ID del Grupo de Tercero</Description>
                    <Help>La ID Grupo del Tercero proporciona un método de definir valores predeterminados a ser usados para Terceros individuales.</Help>
                    <Name>Grupo de Tercero</Name>
                    <Placeholder/>
                    <Placeholder2/>
                    <AD_Language>es_VE</AD_Language>
                    <IsActive>Y</IsActive>
                    <IsTranslated>N</IsTranslated>
                </AD_Process_Para_Trl>
            </AD_Process_Para>
            <AD_Process_Para type="table">
                <AD_Client_ID>0</AD_Client_ID>
                <AD_Org_ID>0</AD_Org_ID>
                <AD_Org_ID reference="id">0</AD_Org_ID>
                <IsActive>Y</IsActive>
                <Name>Business Partner </Name>
                <Description>Identifies a Business Partner</Description>
                <Help>A Business Partner is anyone with whom you transact.  This can include Vendor, Customer, Employee or Salesperson</Help>
                <AD_Process_ID reference="uuid" reference-key="AD_Process">9e94b927-8eed-45a4-988c-02c22a1ecfda</AD_Process_ID>
                <SeqNo>30</SeqNo>
                <AD_Reference_ID reference="id">30</AD_Reference_ID>
                <AD_Reference_Value_ID reference="id">138</AD_Reference_Value_ID>
                <IsRange>N</IsRange>
                <AD_Val_Rule_ID reference="uuid" reference-key="AD_Val_Rule">2e8ba745-e402-4a05-9d37-019eee2a1242</AD_Val_Rule_ID>
                <FieldLength>0</FieldLength>
                <IsMandatory>N</IsMandatory>
                <DefaultValue/>
                <VFormat/>
                <ValueMin/>
                <ValueMax/>
                <ColumnName>C_BPartner_ID</ColumnName>
                <DefaultValue2/>
                <IsCentrallyMaintained>Y</IsCentrallyMaintained>
                <EntityType>FTURW</EntityType>
                <AD_Element_ID reference="id">187</AD_Element_ID>
                <ReadOnlyLogic/>
                <DisplayLogic/>
                <AD_Process_Para_UU>48870166-1e59-4332-8425-ef22ece935d5</AD_Process_Para_UU>
                <IsEncrypted>N</IsEncrypted>
                <MandatoryLogic/>
                <Query/>
                <AD_FieldGroup_ID reference="id"/>
                <Placeholder/>
                <Placeholder2/>
                <IsAutocomplete>N</IsAutocomplete>
                <DateRangeOption>D</DateRangeOption>
                <IsShowNegateButton>N</IsShowNegateButton>
                <AD_Process_Para_Trl type="translation">
                    <Description>Identifica un Tercero</Description>
                    <Help>Un tercero es cualquiera con quien usted realiza transacciones. Este puede incluir Proveedores, Clientes, Empleados o Vendedores.</Help>
                    <Name>Tercero</Name>
                    <Placeholder/>
                    <Placeholder2/>
                    <AD_Language>es_VE</AD_Language>
                    <IsActive>Y</IsActive>
                    <IsTranslated>N</IsTranslated>
                </AD_Process_Para_Trl>
                <AD_Process_Para_Trl type="translation">
                    <Description>Identifica un Tercero</Description>
                    <Help>Un tercero es cualquiera con quien usted realiza transacciones. Este puede incluir Proveedores, Clientes, Empleados o Vendedores.</Help>
                    <Name>Tercero</Name>
                    <Placeholder/>
                    <Placeholder2/>
                    <AD_Language>es_CO</AD_Language>
                    <IsActive>Y</IsActive>
                    <IsTranslated>Y</IsTranslated>
                </AD_Process_Para_Trl>
            </AD_Process_Para>
            <AD_Process_Para type="table">
                <AD_Client_ID>0</AD_Client_ID>
                <AD_Org_ID>0</AD_Org_ID>
                <AD_Org_ID reference="id">0</AD_Org_ID>
                <IsActive>Y</IsActive>
                <Name>Shipper</Name>
                <Description>Method or manner of product delivery</Description>
                <Help>The Shipper indicates the method of delivering product</Help>
                <AD_Process_ID reference="uuid" reference-key="AD_Process">9e94b927-8eed-45a4-988c-02c22a1ecfda</AD_Process_ID>
                <SeqNo>40</SeqNo>
                <AD_Reference_ID reference="id">19</AD_Reference_ID>
                <AD_Reference_Value_ID reference="id"/>
                <IsRange>N</IsRange>
                <AD_Val_Rule_ID reference="id"/>
                <FieldLength>0</FieldLength>
                <IsMandatory>N</IsMandatory>
                <DefaultValue/>
                <VFormat/>
                <ValueMin/>
                <ValueMax/>
                <ColumnName>M_Shipper_ID</ColumnName>
                <DefaultValue2/>
                <IsCentrallyMaintained>Y</IsCentrallyMaintained>
                <EntityType>FTURW</EntityType>
                <AD_Element_ID reference="id">455</AD_Element_ID>
                <ReadOnlyLogic/>
                <DisplayLogic/>
                <AD_Process_Para_UU>d59b1708-b811-4106-989b-50fb417d3278</AD_Process_Para_UU>
                <IsEncrypted>N</IsEncrypted>
                <MandatoryLogic/>
                <Query/>
                <AD_FieldGroup_ID reference="id"/>
                <Placeholder/>
                <Placeholder2/>
                <IsAutocomplete>N</IsAutocomplete>
                <DateRangeOption>D</DateRangeOption>
                <IsShowNegateButton>N</IsShowNegateButton>
                <AD_Process_Para_Trl type="translation">
                    <Description>Método o manera de entrega del producto</Description>
                    <Help>El transportista indica el responsable de entregar el producto</Help>
                    <Name>Transportista</Name>
                    <Placeholder/>
                    <Placeholder2/>
                    <AD_Language>es_CO</AD_Language>
                    <IsActive>Y</IsActive>
                    <IsTranslated>Y</IsTranslated>
                </AD_Process_Para_Trl>
                <AD_Process_Para_Trl type="translation">
                    <Description>Método o manera de entrega del producto</Description>
                    <Help>El transportista indica el responsable de entregar el producto</Help>
                    <Name>Transportista</Name>
                    <Placeholder/>
                    <Placeholder2/>
                    <AD_Language>es_VE</AD_Language>
                    <IsActive>Y</IsActive>
                    <IsTranslated>N</IsTranslated>
                </AD_Process_Para_Trl>
            </AD_Process_Para>
            <AD_Process_Para type="table">
                <AD_Client_ID>0</AD_Client_ID>
                <AD_Org_ID>0</AD_Org_ID>
                <AD_Org_ID reference="id">0</AD_Org_ID>
                <IsActive>Y</IsActive>
                <Name>Document Date</Name>
                <Description>Date of the Document</Description>
                <Help>The Document Date indicates the date the document was generated.  It may or may not be the same as the accounting date.</Help>
                <AD_Process_ID reference="uuid" reference-key="AD_Process">9e94b927-8eed-45a4-988c-02c22a1ecfda</AD_Process_ID>
                <SeqNo>50</SeqNo>
                <AD_Reference_ID reference="id">15</AD_Reference_ID>
                <AD_Reference_Value_ID reference="id"/>
                <IsRange>Y</IsRange>
                <AD_Val_Rule_ID reference="id"/>
                <FieldLength>0</FieldLength>
                <IsMandatory>N</IsMandatory>
                <DefaultValue/>
                <VFormat/>
                <ValueMin/>
                <ValueMax/>
                <ColumnName>DateDoc</ColumnName>
                <DefaultValue2/>
                <IsCentrallyMaintained>Y</IsCentrallyMaintained>
                <EntityType>FTURW</EntityType>
                <AD_Element_ID reference="id">265</AD_Element_ID>
                <ReadOnlyLogic/>
                <DisplayLogic/>
                <AD_Process_Para_UU>f729033c-f211-43f0-9463-5c3e68573cc3</AD_Process_Para_UU>
                <IsEncrypted>N</IsEncrypted>
                <MandatoryLogic/>
                <Query/>
                <AD_FieldGroup_ID reference="id"/>
                <Placeholder/>
                <Placeholder2/>
                <IsAutocomplete>N</IsAutocomplete>
                <DateRangeOption>D</DateRangeOption>
                <IsShowNegateButton>N</IsShowNegateButton>
                <AD_Process_Para_Trl type="translation">
                    <Description>Fecha del documento</Description>
                    <Help>La fecha del documento indica la fecha en que el documento fue generado. Puede o no ser la misma que la fecha contable.</Help>
                    <Name>Fecha Documento</Name>
                    <Placeholder/>
                    <Placeholder2/>
                    <AD_Language>es_CO</AD_Language>
                    <IsActive>Y</IsActive>
                    <IsTranslated>Y</IsTranslated>
                </AD_Process_Para_Trl>
                <AD_Process_Para_Trl type="translation">
                    <Description>Fecha del documento</Description>
                    <Help>La fecha del documento indica la fecha en que el documento fue generado. Puede o no ser la misma que la fecha contable.</Help>
                    <Name>Fecha Documento</Name>
                    <Placeholder/>
                    <Placeholder2/>
                    <AD_Language>es_VE</AD_Language>
                    <IsActive>Y</IsActive>
                    <IsTranslated>N</IsTranslated>
                </AD_Process_Para_Trl>
            </AD_Process_Para>
            <AD_Process_Para type="table">
                <AD_Client_ID>0</AD_Client_ID>
                <AD_Org_ID>0</AD_Org_ID>
                <AD_Org_ID reference="id">0</AD_Org_ID>
                <IsActive>Y</IsActive>
                <Name>Deduction Type</Name>
                <Description/>
                <Help/>
                <AD_Process_ID reference="uuid" reference-key="AD_Process">9e94b927-8eed-45a4-988c-02c22a1ecfda</AD_Process_ID>
                <SeqNo>60</SeqNo>
                <AD_Reference_ID reference="id">17</AD_Reference_ID>
                <AD_Reference_Value_ID reference="uuid" reference-key="AD_Reference">20f4d20f-9686-4ee7-a941-48ec7ca06525</AD_Reference_Value_ID>
                <IsRange>N</IsRange>
                <AD_Val_Rule_ID reference="id"/>
                <FieldLength>2</FieldLength>
                <IsMandatory>N</IsMandatory>
                <DefaultValue/>
                <VFormat/>
                <ValueMin/>
                <ValueMax/>
                <ColumnName>DeductionType</ColumnName>
                <DefaultValue2/>
                <IsCentrallyMaintained>Y</IsCentrallyMaintained>
                <EntityType>FTURW</EntityType>
                <AD_Element_ID reference="uuid" reference-key="AD_Element">a7cd4cfd-f26c-4184-a004-bdba163a4c8f</AD_Element_ID>
                <ReadOnlyLogic/>
                <DisplayLogic/>
                <AD_Process_Para_UU>744eee9a-cab2-4273-b6e9-9b020a16b859</AD_Process_Para_UU>
                <IsEncrypted>N</IsEncrypted>
                <MandatoryLogic/>
                <Query/>
                <AD_FieldGroup_ID reference="id"/>
                <Placeholder/>
                <Placeholder2/>
                <IsAutocomplete>N</IsAutocomplete>
                <DateRangeOption>D</DateRangeOption>
                <IsShowNegateButton>N</IsShowNegateButton>
                <AD_Process_Para_Trl type="translation">
                    <Description/>
                    <Help/>
                    <Name>Tipo de Deduccion</Name>
                    <Placeholder/>
                    <Placeholder2/>
                    <AD_Language>es_CO</AD_Language>
                    <IsActive>Y</IsActive>
                    <IsTranslated>N</IsTranslated>
                </AD_Process_Para_Trl>
                <AD_Process_Para_Trl type="translation">
                    <Description/>
                    <Help/>
                    <Name>Tipo de Deduccion</Name>
                    <Placeholder/>
                    <Placeholder2/>
                    <AD_Language>es_VE</AD_Language>
                    <IsActive>Y</IsActive>
                    <IsTranslated>N</IsTranslated>
                </AD_Process_Para_Trl>
            </AD_Process_Para>
        </AD_Process>
    </AD_Menu>
</idempiere>
