<?xml version="1.0" encoding="UTF-8"?><idempiere Name="AD_Rule" Version="1.0.0" idempiereVersion="7.1.0.qualifier" DataBaseVersion="2019-11-22" Description="" Author="cVargas" AuthorEmail="" CreatedDate="Fri Oct 30 08:10:01 VET 2020" UpdatedDate="Fri Oct 30 08:10:01 VET 2020" PackOutVersion="100" UpdateDictionary="true" Client="0-SYSTEM-System" AD_Client_UU="11237b53-9592-4af1-b3c5-afd216514b5d">
    <AD_Rule type="table">
        <AD_Client_ID>0</AD_Client_ID>
        <AD_Org_ID>0</AD_Org_ID>
        <Description/>
        <Help/>
        <IsActive>Y</IsActive>
        <Name>beanshell:SetValuesRecordWeight</Name>
        <Value>beanshell:SetValuesRecordWeight</Value>
        <EntityType>FTU</EntityType>
        <RuleType>S</RuleType>
        <EventType>C</EventType>
        <AccessLevel/>
        <Script>import net.frontuari.recordweight.model.MFTUEntryTicket;

if(A_Tab.getValue("FTU_EntryTicket_ID") != null){

	MFTUEntryTicket EntryTicket = new MFTUEntryTicket (A_Ctx, A_Tab.getValue("FTU_EntryTicket_ID"), null);	

		A_Tab.setValue("OperationType", EntryTicket.getOperationType());
}

result = "";</Script>
        <AD_Rule_UU>2c97065a-59aa-4b5c-8128-f82e53849293</AD_Rule_UU>
    </AD_Rule>
</idempiere>
