<?xml version="1.0" encoding="UTF-8"?><idempiere Name="AD_Workflow" Version="1.0.0" idempiereVersion="7.1.0.qualifier" DataBaseVersion="2019-11-22" Description="" Author="SuperUser" AuthorEmail="superuser @ idempiere.com" CreatedDate="Fri May 01 21:02:45 VET 2020" UpdatedDate="Fri May 01 21:02:45 VET 2020" PackOutVersion="100" UpdateDictionary="true" Client="1000000-CONSORCIO OLEAGINOSO PORTUGUESA, S.A.-CONSORCIO OLEAGINOSO PORTUGUESA, S.A." AD_Client_UU="b1343cba-641a-460f-ac29-4f09d6cc68ab">
    <AD_Workflow type="object" type-name="ad.workflow">
        <AD_Client_ID>0</AD_Client_ID>
        <AD_Org_ID>0</AD_Org_ID>
        <Name>Process_RecordWeight</Name>
        <Description>(Standard Process RecordWeight)</Description>
        <Help/>
        <IsActive>Y</IsActive>
        <AD_WF_Node_ID reference="uuid" reference-key="AD_WF_Node">48f7ec18-7cf8-4989-bb86-fca92439e241</AD_WF_Node_ID>
        <AccessLevel>1</AccessLevel>
        <EntityType>FTU01</EntityType>
        <Author>Jose Ruiz</Author>
        <Priority>0</Priority>
        <WorkingTime>0</WorkingTime>
        <Limit>0</Limit>
        <ValidFrom/>
        <Duration>0</Duration>
        <AD_WF_Responsible_ID reference="id"/>
        <Version>1</Version>
        <Cost>0</Cost>
        <ValidTo/>
        <DurationUnit>D</DurationUnit>
        <WaitingTime>0</WaitingTime>
        <PublishStatus>U</PublishStatus>
        <AD_WorkflowProcessor_ID reference="id"/>
        <IsDefault>N</IsDefault>
        <ValidateWorkflow>N</ValidateWorkflow>
        <AD_Table_ID reference="uuid" reference-key="AD_Table">c9db2ec5-b08f-4b55-9111-47686b670a8e</AD_Table_ID>
        <Value>Process_RecordWeight</Value>
        <WorkflowType>P</WorkflowType>
        <DocValueLogic/>
        <IsValid>Y</IsValid>
        <S_Resource_ID reference="id"/>
        <SetupTime>0</SetupTime>
        <MovingTime>0</MovingTime>
        <ProcessType/>
        <DocumentNo>10000001</DocumentNo>
        <QtyBatchSize>1</QtyBatchSize>
        <QueuingTime>0</QueuingTime>
        <IsBetaFunctionality>N</IsBetaFunctionality>
        <Yield>100</Yield>
        <UnitsCycles>0</UnitsCycles>
        <OverlapUnits>0</OverlapUnits>
        <AD_Workflow_UU>3f296ac5-b3ff-4eb9-a06b-235b099ce043</AD_Workflow_UU>
        <AD_CtxHelp_ID reference="id"/>
        <AD_Workflow_Trl type="translation">
            <Name>Process_RecordWeight</Name>
            <Description>(Standard Process RecordWeight)</Description>
            <Help/>
            <AD_Language>es_CO</AD_Language>
            <IsActive>Y</IsActive>
            <IsTranslated>Y</IsTranslated>
        </AD_Workflow_Trl>
        <AD_Workflow_Trl type="translation">
            <Name>Process_RecordWeight</Name>
            <Description>(Standard Process RecordWeight)</Description>
            <Help/>
            <AD_Language>es_VE</AD_Language>
            <IsActive>Y</IsActive>
            <IsTranslated>Y</IsTranslated>
        </AD_Workflow_Trl>
        <AD_WF_Node type="table">
            <AD_Org_ID>0</AD_Org_ID>
            <Name>(DocApproval)</Name>
            <Description/>
            <AD_Workflow_ID reference="uuid" reference-key="AD_Workflow">3f296ac5-b3ff-4eb9-a06b-235b099ce043</AD_Workflow_ID>
            <IsActive>Y</IsActive>
            <Help/>
            <Action>C</Action>
            <AD_Window_ID reference="id"/>
            <Workflow_ID reference="id"/>
            <AD_Task_ID reference="id"/>
            <AD_Process_ID reference="id"/>
            <AD_Form_ID reference="id"/>
            <IsCentrallyMaintained>Y</IsCentrallyMaintained>
            <YPosition>0</YPosition>
            <EntityType>FTU01</EntityType>
            <XPosition>0</XPosition>
            <Limit>0</Limit>
            <StartMode/>
            <AD_WF_Responsible_ID reference="uuid" reference-key="AD_WF_Responsible">e4af39c6-0c1f-4074-8b72-392bcfb83629</AD_WF_Responsible_ID>
            <Duration>0</Duration>
            <SubflowExecution/>
            <Cost>0</Cost>
            <WaitingTime>0</WaitingTime>
            <WorkingTime>0</WorkingTime>
            <AD_WF_Block_ID reference="id"/>
            <Priority>0</Priority>
            <FinishMode/>
            <JoinElement>X</JoinElement>
            <SplitElement>X</SplitElement>
            <AD_Image_ID reference="id"/>
            <AD_Column_ID reference="uuid" reference-key="AD_Column">f98e898d-35ba-4f82-8ed1-a67c80b5c004</AD_Column_ID>
            <WaitTime>0</WaitTime>
            <AttributeValue/>
            <AttributeName/>
            <DocAction>CO</DocAction>
            <Value>(DocApproval)</Value>
            <DynPriorityUnit/>
            <DynPriorityChange>0</DynPriorityChange>
            <EMailRecipient/>
            <EMail/>
            <R_MailText_ID reference="id"/>
            <ValidTo/>
            <IsMilestone>N</IsMilestone>
            <IsSubcontracting>N</IsSubcontracting>
            <UnitsCycles>0</UnitsCycles>
            <MovingTime/>
            <OverlapUnits>0</OverlapUnits>
            <C_BPartner_ID reference="id"/>
            <QueuingTime/>
            <S_Resource_ID reference="id"/>
            <SetupTime/>
            <ValidFrom/>
            <Yield>100</Yield>
            <AD_WF_Node_UU>a905e647-c426-4b0e-9c49-da05cd72402f</AD_WF_Node_UU>
            <AD_CtxHelp_ID reference="id"/>
            <AD_InfoWindow_ID reference="id">200000</AD_InfoWindow_ID>
            <IsApproved>Y</IsApproved>
            <AD_WF_Node_Trl type="translation">
                <Description/>
                <Name>(DocApproval)</Name>
                <Help/>
                <AD_Language>es_CO</AD_Language>
                <IsActive>Y</IsActive>
                <IsTranslated>N</IsTranslated>
            </AD_WF_Node_Trl>
            <AD_WF_Node_Trl type="translation">
                <Description/>
                <Name>(DocApproval)</Name>
                <Help/>
                <AD_Language>es_VE</AD_Language>
                <IsActive>Y</IsActive>
                <IsTranslated>N</IsTranslated>
            </AD_WF_Node_Trl>
        </AD_WF_Node>
        <AD_WF_NodeNext type="table">
            <AD_Org_ID>0</AD_Org_ID>
            <AD_WF_Node_ID reference="uuid" reference-key="AD_WF_Node">a905e647-c426-4b0e-9c49-da05cd72402f</AD_WF_Node_ID>
            <IsActive>Y</IsActive>
            <AD_WF_Next_ID reference="uuid" reference-key="AD_WF_Node">7c7e3790-fa1d-476b-b028-0e70831cfbe6</AD_WF_Next_ID>
            <TransitionCode/>
            <EntityType>U</EntityType>
            <SeqNo>10</SeqNo>
            <Description/>
            <IsStdUserWorkflow>N</IsStdUserWorkflow>
            <AD_WF_NodeNext_UU>63269371-6f4d-4e63-a964-d63c7bc5d384</AD_WF_NodeNext_UU>
        </AD_WF_NodeNext>
    </AD_Workflow>
</idempiere>
