<?xml version="1.0" encoding="UTF-8"?><idempiere Name="AD_User" Version="1.0.0" idempiereVersion="7.1.0.qualifier" DataBaseVersion="2019-11-22" Description="" Author="SuperUser" AuthorEmail="superuser @ idempiere.com" CreatedDate="Sun May 03 16:39:11 VET 2020" UpdatedDate="Sun May 03 16:39:11 VET 2020" PackOutVersion="100" UpdateDictionary="true" Client="1000000-CONSORCIO OLEAGINOSO PORTUGUESA, S.A.-CONSORCIO OLEAGINOSO PORTUGUESA, S.A." AD_Client_UU="b1343cba-641a-460f-ac29-4f09d6cc68ab">
    <AD_User type="table">
        <AD_Org_ID>0</AD_Org_ID>
        <Name>romanero</Name>
        <Description/>
        <Password>12345</Password>
        <IsActive>Y</IsActive>
        <EMail/>
        <C_BPartner_ID reference="uuid" reference-key="C_BPartner">805e0f30-33f4-4112-b3b1-6d535eed2cec</C_BPartner_ID>
        <Processing>N</Processing>
        <EMailUser/>
        <EMailUserPW/>
        <C_Greeting_ID reference="id"/>
        <Phone2/>
        <Birthday/>
        <C_BPartner_Location_ID reference="id"/>
        <Phone/>
        <Fax/>
        <LastResult/>
        <LastContact/>
        <Title/>
        <Comments/>
        <AD_OrgTrx_ID reference="id"/>
        <EMailVerify/>
        <LDAPUser/>
        <EMailVerifyDate/>
        <NotificationType>X</NotificationType>
        <IsFullBPAccess>Y</IsFullBPAccess>
        <C_Job_ID reference="id"/>
        <Value>romanero</Value>
        <UserPIN/>
        <IsInPayroll>N</IsInPayroll>
        <AD_User_UU>238cf8f5-32d1-41ea-8c12-0cc8d71966da</AD_User_UU>
        <Salt/>
        <IsSalesLead>N</IsSalesLead>
        <C_Location_ID reference="id"/>
        <LeadSource/>
        <LeadStatus/>
        <LeadSourceDescription/>
        <LeadStatusDescription/>
        <C_Campaign_ID reference="id"/>
        <SalesRep_ID reference="id"/>
        <BPName/>
        <BP_Location_ID reference="id"/>
        <IsMenuAutoExpand/>
        <IsLocked>N</IsLocked>
        <DateAccountLocked/>
        <FailedLoginCount>0</FailedLoginCount>
        <DatePasswordChanged>2020-05-03 12:30:17.726</DatePasswordChanged>
        <DateLastLogin>2020-05-03 14:44:24.827</DateLastLogin>
        <IsNoPasswordReset>N</IsNoPasswordReset>
        <IsExpired>N</IsExpired>
        <SecurityQuestion/>
        <Answer/>
        <IsAddMailTextAutomatically>N</IsAddMailTextAutomatically>
        <R_DefaultMailText_ID reference="id"/>
        <AD_Image_ID reference="id"/>
        <IsNoExpire>N</IsNoExpire>
        <IsSupportUser>N</IsSupportUser>
        <AD_User_OrgAccess type="table">
            <AD_Client_ID reference="uuid" reference-key="AD_Client">b1343cba-641a-460f-ac29-4f09d6cc68ab</AD_Client_ID>
            <AD_Org_ID reference="uuid" reference-key="AD_Org">9611b4de-fca5-4c27-96ca-6954735506c9</AD_Org_ID>
            <AD_User_ID reference="uuid" reference-key="AD_User">238cf8f5-32d1-41ea-8c12-0cc8d71966da</AD_User_ID>
            <IsActive>Y</IsActive>
            <IsReadOnly>N</IsReadOnly>
            <AD_User_OrgAccess_UU>fbebe0ee-53fe-4558-add8-35e79d444fe8</AD_User_OrgAccess_UU>
        </AD_User_OrgAccess>
    </AD_User>
</idempiere>
