<?xml version="1.0" encoding="UTF-8"?><idempiere Name="ParameterConsolideDocument" Version="1.22.1" idempiereVersion="" DataBaseVersion="" Description="" Author="" AuthorEmail="jcolmenarez@frontuari.net" CreatedDate="2021-06-18 10:19:27.055" UpdatedDate="2021-06-18 10:19:27.055" PackOutVersion="100" UpdateDictionary="false" Client="0-SYSTEM-System" AD_Client_UU="11237b53-9592-4af1-b3c5-afd216514b5d">
    <AD_Process type="table">
        <AD_Client_ID>0</AD_Client_ID>
        <AD_Org_ID>0</AD_Org_ID>
        <IsActive>Y</IsActive>
        <Name>Generate From Load Order</Name>
        <Description/>
        <Help/>
        <ProcedureName/>
        <IsReport>N</IsReport>
        <Value>prc_GenerateFromLoadOrder</Value>
        <IsDirectPrint>N</IsDirectPrint>
        <AD_ReportView_ID reference="id"/>
        <Classname>net.frontuari.recordweight.process.GenerateFromLoadOrder</Classname>
        <AccessLevel>3</AccessLevel>
        <EntityType>FTU01</EntityType>
        <Statistic_Count>38</Statistic_Count>
        <Statistic_Seconds>2506</Statistic_Seconds>
        <AD_PrintFormat_ID reference="id"/>
        <WorkflowValue/>
        <AD_Workflow_ID reference="id"/>
        <IsBetaFunctionality>N</IsBetaFunctionality>
        <IsServerProcess>N</IsServerProcess>
        <ShowHelp>Y</ShowHelp>
        <JasperReport/>
        <AD_Form_ID reference="id"/>
        <CopyFromProcess>N</CopyFromProcess>
        <AD_Process_UU>db084d9d-0bb5-437b-8e58-389266c27322</AD_Process_UU>
        <AD_CtxHelp_ID reference="id"/>
        <ExecutionType/>
        <AllowMultipleExecution>P</AllowMultipleExecution>
        <AD_Process_Trl type="translation">
            <Help/>
            <Description/>
            <Name>Generar desde orden de carga</Name>
            <AD_Language>es_VE</AD_Language>
            <IsActive>Y</IsActive>
            <IsTranslated>N</IsTranslated>
        </AD_Process_Trl>
        <AD_Process_Trl type="translation">
            <Help/>
            <Description/>
            <Name>Generar desde orden de carga</Name>
            <AD_Language>es_CO</AD_Language>
            <IsActive>Y</IsActive>
            <IsTranslated>N</IsTranslated>
        </AD_Process_Trl>
        <AD_Process_Para type="table">
            <AD_Client_ID>0</AD_Client_ID>
            <AD_Org_ID>0</AD_Org_ID>
            <IsActive>Y</IsActive>
            <Name>Document Type for Shipment</Name>
            <Description>Document type used for shipments generated from this sales document</Description>
            <Help>he Document Type for Shipments indicates the document type that will be used when a shipment is generated from this sales document.  This field will display only when the base document type is Sales Order.</Help>
            <AD_Process_ID reference="uuid" reference-key="AD_Process">db084d9d-0bb5-437b-8e58-389266c27322</AD_Process_ID>
            <SeqNo>20</SeqNo>
            <AD_Reference_ID reference="id">18</AD_Reference_ID>
            <AD_Reference_Value_ID reference="id">170</AD_Reference_Value_ID>
            <IsRange>N</IsRange>
            <AD_Val_Rule_ID reference="id"/>
            <FieldLength>0</FieldLength>
            <IsMandatory>N</IsMandatory>
            <DefaultValue/>
            <VFormat/>
            <ValueMin/>
            <ValueMax/>
            <ColumnName>C_DocTypeShipment_ID</ColumnName>
            <DefaultValue2/>
            <IsCentrallyMaintained>Y</IsCentrallyMaintained>
            <EntityType>FTU01</EntityType>
            <AD_Element_ID reference="id">1074</AD_Element_ID>
            <ReadOnlyLogic/>
            <DisplayLogic>@IsGenerateDocument@ = 'GOM'</DisplayLogic>
            <AD_Process_Para_UU>fb8599fa-9700-45cb-adbe-d6a8d757b76c</AD_Process_Para_UU>
            <IsEncrypted>N</IsEncrypted>
            <MandatoryLogic>@IsGenerateDocument@ = 'GOM'</MandatoryLogic>
            <Placeholder/>
            <Placeholder2/>
            <AD_Process_Para_Trl type="translation">
                <Help>El Tipo de documento para la entrega indica el tipo de documento que será usado cuando una entrega se genera desde este documento de venta. Este campo se desplegará solamente cuando el tipo de documento base sea orden de venta</Help>
                <Name>Tipo de Documento para la Entrega</Name>
                <Description>Tipo del documento usado para la entrega generados desde este documento de ventas</Description>
                <Placeholder/>
                <Placeholder2/>
                <AD_Language>es_CO</AD_Language>
                <IsActive>Y</IsActive>
                <IsTranslated>Y</IsTranslated>
            </AD_Process_Para_Trl>
            <AD_Process_Para_Trl type="translation">
                <Help>he Document Type for Shipments indicates the document type that will be used when a shipment is generated from this sales document.  This field will display only when the base document type is Sales Order.</Help>
                <Name>Tipo de Documento para la Entrega</Name>
                <Description>Document type used for shipments generated from this sales document</Description>
                <Placeholder/>
                <Placeholder2/>
                <AD_Language>es_VE</AD_Language>
                <IsActive>Y</IsActive>
                <IsTranslated>N</IsTranslated>
            </AD_Process_Para_Trl>
        </AD_Process_Para>
        <AD_Process_Para type="table">
            <AD_Client_ID>0</AD_Client_ID>
            <AD_Org_ID>0</AD_Org_ID>
            <IsActive>Y</IsActive>
            <Name>Movement Date</Name>
            <Description>Date a product was moved in or out of inventory</Description>
            <Help>The Movement Date indicates the date that a product moved in or out of inventory.  This is the result of a shipment, receipt or inventory movement.</Help>
            <AD_Process_ID reference="uuid" reference-key="AD_Process">db084d9d-0bb5-437b-8e58-389266c27322</AD_Process_ID>
            <SeqNo>30</SeqNo>
            <AD_Reference_ID reference="id">15</AD_Reference_ID>
            <AD_Reference_Value_ID reference="id"/>
            <IsRange>N</IsRange>
            <AD_Val_Rule_ID reference="id"/>
            <FieldLength>0</FieldLength>
            <IsMandatory>N</IsMandatory>
            <DefaultValue>@#Date@</DefaultValue>
            <VFormat/>
            <ValueMin/>
            <ValueMax/>
            <ColumnName>MovementDate</ColumnName>
            <DefaultValue2/>
            <IsCentrallyMaintained>Y</IsCentrallyMaintained>
            <EntityType>FTU01</EntityType>
            <AD_Element_ID reference="id">1037</AD_Element_ID>
            <ReadOnlyLogic>1=1</ReadOnlyLogic>
            <DisplayLogic/>
            <AD_Process_Para_UU>1a0e8280-5e98-47d2-90d0-67f48fd1b232</AD_Process_Para_UU>
            <IsEncrypted>N</IsEncrypted>
            <MandatoryLogic/>
            <Placeholder/>
            <Placeholder2/>
            <AD_Process_Para_Trl type="translation">
                <Help>La fecha del movimiento indica la fecha en que el producto es movido. Éste es el resultado de un embarque; recibo o movimiento de inventario.</Help>
                <Name>Fecha Movimiento</Name>
                <Description>Fecha en que un producto fue movido (dentro o fuera) del inventario</Description>
                <Placeholder/>
                <Placeholder2/>
                <AD_Language>es_CO</AD_Language>
                <IsActive>Y</IsActive>
                <IsTranslated>Y</IsTranslated>
            </AD_Process_Para_Trl>
            <AD_Process_Para_Trl type="translation">
                <Help>The Movement Date indicates the date that a product moved in or out of inventory.  This is the result of a shipment, receipt or inventory movement.</Help>
                <Name>Fecha Movimiento</Name>
                <Description>Date a product was moved in or out of inventory</Description>
                <Placeholder/>
                <Placeholder2/>
                <AD_Language>es_VE</AD_Language>
                <IsActive>Y</IsActive>
                <IsTranslated>N</IsTranslated>
            </AD_Process_Para_Trl>
        </AD_Process_Para>
        <AD_Process_Para type="table">
            <AD_Client_ID>0</AD_Client_ID>
            <AD_Org_ID>0</AD_Org_ID>
            <IsActive>Y</IsActive>
            <Name>Document Action</Name>
            <Description>The targeted status of the document</Description>
            <Help>You find the current status in the Document Status field. The options are listed in a popup</Help>
            <AD_Process_ID reference="uuid" reference-key="AD_Process">db084d9d-0bb5-437b-8e58-389266c27322</AD_Process_ID>
            <SeqNo>40</SeqNo>
            <AD_Reference_ID reference="id">17</AD_Reference_ID>
            <AD_Reference_Value_ID reference="id">135</AD_Reference_Value_ID>
            <IsRange>N</IsRange>
            <AD_Val_Rule_ID reference="id">219</AD_Val_Rule_ID>
            <FieldLength>0</FieldLength>
            <IsMandatory>N</IsMandatory>
            <DefaultValue>CO</DefaultValue>
            <VFormat/>
            <ValueMin/>
            <ValueMax/>
            <ColumnName>DocAction</ColumnName>
            <DefaultValue2/>
            <IsCentrallyMaintained>Y</IsCentrallyMaintained>
            <EntityType>FTU01</EntityType>
            <AD_Element_ID reference="id">287</AD_Element_ID>
            <ReadOnlyLogic>1=1</ReadOnlyLogic>
            <DisplayLogic/>
            <AD_Process_Para_UU>e7b47952-4c72-401e-a895-59beabad2653</AD_Process_Para_UU>
            <IsEncrypted>N</IsEncrypted>
            <MandatoryLogic/>
            <Placeholder/>
            <Placeholder2/>
            <AD_Process_Para_Trl type="translation">
                <Help>Usted encuentra el estado actual en el campo Estado del Documento. Las opciones son listadas en una ventana emergente</Help>
                <Name>Acción</Name>
                <Description>El estado destino del documento</Description>
                <Placeholder/>
                <Placeholder2/>
                <AD_Language>es_CO</AD_Language>
                <IsActive>Y</IsActive>
                <IsTranslated>Y</IsTranslated>
            </AD_Process_Para_Trl>
            <AD_Process_Para_Trl type="translation">
                <Help>You find the current status in the Document Status field. The options are listed in a popup</Help>
                <Name>Acción</Name>
                <Description>The targeted status of the document</Description>
                <Placeholder/>
                <Placeholder2/>
                <AD_Language>es_VE</AD_Language>
                <IsActive>Y</IsActive>
                <IsTranslated>N</IsTranslated>
            </AD_Process_Para_Trl>
        </AD_Process_Para>
        <AD_Reference type="table">
            <AD_Client_ID>0</AD_Client_ID>
            <AD_Org_ID>0</AD_Org_ID>
            <Name>FTU_LoadOrder reference</Name>
            <Description/>
            <Help/>
            <ValidationType>T</ValidationType>
            <IsActive>Y</IsActive>
            <VFormat/>
            <EntityType>FTU01</EntityType>
            <IsOrderByValue>N</IsOrderByValue>
            <AD_Reference_UU>bed43437-e17f-47fd-bd41-f9d1bfdbc2d2</AD_Reference_UU>
            <AD_Element_ID reference="id"/>
            <AD_Reference_Trl type="translation">
                <Help/>
                <Name>FTU_LoadOrder reference</Name>
                <Description/>
                <AD_Language>es_CO</AD_Language>
                <IsActive>Y</IsActive>
                <IsTranslated>N</IsTranslated>
            </AD_Reference_Trl>
            <AD_Reference_Trl type="translation">
                <Help/>
                <Name>FTU_LoadOrder reference</Name>
                <Description/>
                <AD_Language>es_VE</AD_Language>
                <IsActive>Y</IsActive>
                <IsTranslated>N</IsTranslated>
            </AD_Reference_Trl>
            <AD_Ref_Table type="table">
                <AD_Client_ID>0</AD_Client_ID>
                <AD_Org_ID>0</AD_Org_ID>
                <AD_Reference_ID reference="uuid" reference-key="AD_Reference">bed43437-e17f-47fd-bd41-f9d1bfdbc2d2</AD_Reference_ID>
                <AD_Table_ID reference="uuid" reference-key="AD_Table">e5965e28-0b27-4718-9104-0c2b11aa1588</AD_Table_ID>
                <WhereClause/>
                <OrderByClause>FTU_LoadOrder.DocumentNo</OrderByClause>
                <IsActive>Y</IsActive>
                <IsValueDisplayed>N</IsValueDisplayed>
                <EntityType>FTU01</EntityType>
                <AD_Window_ID reference="id"/>
                <AD_Ref_Table_UU>3d37b3f0-e416-4f56-a0e0-d6ca129ac7db</AD_Ref_Table_UU>
                <AD_InfoWindow_ID reference="id"/>
                <AD_Display reference="uuid" reference-key="AD_Column">13986abd-ccd4-409e-8078-836658b7601b</AD_Display>
                <AD_Key reference="uuid" reference-key="AD_Column">25a94b2b-6050-45cd-b7dc-6fa9f4c37e5d</AD_Key>
            </AD_Ref_Table>
        </AD_Reference>
        <AD_Val_Rule type="table">
            <AD_Client_ID>0</AD_Client_ID>
            <AD_Org_ID>0</AD_Org_ID>
            <Name>FTU_LoadOrder Not Delivered</Name>
            <Description/>
            <Type>S</Type>
            <Code>	(('GOM' ='@IsGenerateDocument@' AND FTU_LoadOrder.IsMoved = 'N' AND OperationType = 'MOM')
		OR (('GOS' = '@IsGenerateDocument@' OR 'GOI' = '@IsGenerateDocument@' OR 'GIS' = '@IsGenerateDocument@') AND FTU_LoadOrder.IsDelivered = 'N' AND OperationType IN('DBM','DFP'))
		OR (('GOI' = '@IsGenerateDocument@' OR 'GIS' = '@IsGenerateDocument@') AND (FTU_LoadOrder.IsDelivered = 'N' OR FTU_LoadOrder.IsInvoiced = 'N')  AND OperationType IN('DBM','DFP'))	
		)
 

	AND FTU_LoadOrder.AD_Org_ID =  @AD_Org_ID@
</Code>
            <IsActive>Y</IsActive>
            <EntityType>FTU01</EntityType>
            <AD_Val_Rule_UU>d9fb97fe-d474-455f-927b-7d7675932544</AD_Val_Rule_UU>
        </AD_Val_Rule>
        <AD_Element type="table">
            <AD_Client_ID>0</AD_Client_ID>
            <AD_Org_ID>0</AD_Org_ID>
            <IsActive>Y</IsActive>
            <ColumnName>FTU_LoadOrder_ID</ColumnName>
            <Name>Load Order</Name>
            <Description/>
            <Help/>
            <PrintName>Load Order</PrintName>
            <PO_Description/>
            <PO_Help/>
            <PO_Name/>
            <PO_PrintName/>
            <EntityType>FTU01</EntityType>
            <AD_Element_UU>98c05ccb-78de-413f-abc0-b77abd79b9cb</AD_Element_UU>
            <Placeholder/>
            <AD_Element_Trl type="translation">
                <Help/>
                <PO_Description/>
                <PO_Help/>
                <Name>Load Order</Name>
                <Description/>
                <PrintName>Load Order</PrintName>
                <PO_Name/>
                <PO_PrintName/>
                <Placeholder/>
                <AD_Language>es_VE</AD_Language>
                <IsActive>Y</IsActive>
                <IsTranslated>N</IsTranslated>
            </AD_Element_Trl>
            <AD_Element_Trl type="translation">
                <Help/>
                <PO_Description/>
                <PO_Help/>
                <Name>Orden de Carga</Name>
                <Description/>
                <PrintName>Orden de Carga</PrintName>
                <PO_Name/>
                <PO_PrintName/>
                <Placeholder/>
                <AD_Language>es_CO</AD_Language>
                <IsActive>Y</IsActive>
                <IsTranslated>N</IsTranslated>
            </AD_Element_Trl>
        </AD_Element>
        <AD_Process_Para type="table">
            <AD_Client_ID>0</AD_Client_ID>
            <AD_Org_ID>0</AD_Org_ID>
            <IsActive>Y</IsActive>
            <Name>Load Order</Name>
            <Description/>
            <Help/>
            <AD_Process_ID reference="uuid" reference-key="AD_Process">db084d9d-0bb5-437b-8e58-389266c27322</AD_Process_ID>
            <SeqNo>10</SeqNo>
            <AD_Reference_ID reference="id">18</AD_Reference_ID>
            <AD_Reference_Value_ID reference="uuid" reference-key="AD_Reference">bed43437-e17f-47fd-bd41-f9d1bfdbc2d2</AD_Reference_Value_ID>
            <IsRange>N</IsRange>
            <AD_Val_Rule_ID reference="uuid" reference-key="AD_Val_Rule">d9fb97fe-d474-455f-927b-7d7675932544</AD_Val_Rule_ID>
            <FieldLength>0</FieldLength>
            <IsMandatory>Y</IsMandatory>
            <DefaultValue/>
            <VFormat/>
            <ValueMin/>
            <ValueMax/>
            <ColumnName>FTU_LoadOrder_ID</ColumnName>
            <DefaultValue2/>
            <IsCentrallyMaintained>Y</IsCentrallyMaintained>
            <EntityType>FTU01</EntityType>
            <AD_Element_ID reference="uuid" reference-key="AD_Element">98c05ccb-78de-413f-abc0-b77abd79b9cb</AD_Element_ID>
            <ReadOnlyLogic/>
            <DisplayLogic/>
            <AD_Process_Para_UU>0f80021b-47c2-462c-9182-99ae73b3410e</AD_Process_Para_UU>
            <IsEncrypted>N</IsEncrypted>
            <MandatoryLogic/>
            <Placeholder/>
            <Placeholder2/>
            <AD_Process_Para_Trl type="translation">
                <Help/>
                <Name>Orden de Carga</Name>
                <Description/>
                <Placeholder/>
                <Placeholder2/>
                <AD_Language>es_CO</AD_Language>
                <IsActive>Y</IsActive>
                <IsTranslated>N</IsTranslated>
            </AD_Process_Para_Trl>
            <AD_Process_Para_Trl type="translation">
                <Help/>
                <Name>Load Order</Name>
                <Description/>
                <Placeholder/>
                <Placeholder2/>
                <AD_Language>es_VE</AD_Language>
                <IsActive>Y</IsActive>
                <IsTranslated>N</IsTranslated>
            </AD_Process_Para_Trl>
        </AD_Process_Para>
        <AD_Reference type="table">
            <AD_Client_ID>0</AD_Client_ID>
            <AD_Org_ID>0</AD_Org_ID>
            <Name>List Generate Document</Name>
            <Description/>
            <Help/>
            <ValidationType>L</ValidationType>
            <IsActive>Y</IsActive>
            <VFormat/>
            <EntityType>FTU01</EntityType>
            <IsOrderByValue>N</IsOrderByValue>
            <AD_Reference_UU>76fe3f02-0dba-4f1b-a03a-4701a40dac6e</AD_Reference_UU>
            <AD_Element_ID reference="id"/>
            <AD_Reference_Trl type="translation">
                <Help/>
                <Name>List Generate Document</Name>
                <Description/>
                <AD_Language>es_CO</AD_Language>
                <IsActive>Y</IsActive>
                <IsTranslated>N</IsTranslated>
            </AD_Reference_Trl>
            <AD_Reference_Trl type="translation">
                <Help/>
                <Name>List Generate Document</Name>
                <Description/>
                <AD_Language>es_VE</AD_Language>
                <IsActive>Y</IsActive>
                <IsTranslated>N</IsTranslated>
            </AD_Reference_Trl>
            <AD_Ref_List type="table">
                <AD_Client_ID>0</AD_Client_ID>
                <AD_Org_ID>0</AD_Org_ID>
                <Name>Generate Invoice and Shipment</Name>
                <Description/>
                <AD_Reference_ID reference="uuid" reference-key="AD_Reference">76fe3f02-0dba-4f1b-a03a-4701a40dac6e</AD_Reference_ID>
                <ValidFrom/>
                <ValidTo/>
                <Value>GIS</Value>
                <IsActive>Y</IsActive>
                <EntityType>FTU01</EntityType>
                <AD_Ref_List_UU>1c4f2969-4a06-4524-aa28-f0cdaa0fa976</AD_Ref_List_UU>
                <AD_Ref_List_Trl type="translation">
                    <Description/>
                    <Name>Generar factura y entrega</Name>
                    <AD_Language>es_VE</AD_Language>
                    <IsActive>Y</IsActive>
                    <IsTranslated>N</IsTranslated>
                </AD_Ref_List_Trl>
                <AD_Ref_List_Trl type="translation">
                    <Description/>
                    <Name>Generar factura y entrega</Name>
                    <AD_Language>es_CO</AD_Language>
                    <IsActive>Y</IsActive>
                    <IsTranslated>N</IsTranslated>
                </AD_Ref_List_Trl>
            </AD_Ref_List>
            <AD_Ref_List type="table">
                <AD_Client_ID>0</AD_Client_ID>
                <AD_Org_ID>0</AD_Org_ID>
                <Name>Generate Only Invoice</Name>
                <Description/>
                <AD_Reference_ID reference="uuid" reference-key="AD_Reference">76fe3f02-0dba-4f1b-a03a-4701a40dac6e</AD_Reference_ID>
                <ValidFrom/>
                <ValidTo/>
                <Value>GOI</Value>
                <IsActive>Y</IsActive>
                <EntityType>FTU01</EntityType>
                <AD_Ref_List_UU>47dd5ce3-4397-482f-8bad-b8c28cfa82da</AD_Ref_List_UU>
                <AD_Ref_List_Trl type="translation">
                    <Description/>
                    <Name>Generar solo factura</Name>
                    <AD_Language>es_VE</AD_Language>
                    <IsActive>Y</IsActive>
                    <IsTranslated>N</IsTranslated>
                </AD_Ref_List_Trl>
                <AD_Ref_List_Trl type="translation">
                    <Description/>
                    <Name>Generar solo factura</Name>
                    <AD_Language>es_CO</AD_Language>
                    <IsActive>Y</IsActive>
                    <IsTranslated>N</IsTranslated>
                </AD_Ref_List_Trl>
            </AD_Ref_List>
            <AD_Ref_List type="table">
                <AD_Client_ID>0</AD_Client_ID>
                <AD_Org_ID>0</AD_Org_ID>
                <Name>Generate Only Movement</Name>
                <Description/>
                <AD_Reference_ID reference="uuid" reference-key="AD_Reference">76fe3f02-0dba-4f1b-a03a-4701a40dac6e</AD_Reference_ID>
                <ValidFrom/>
                <ValidTo/>
                <Value>GOM</Value>
                <IsActive>Y</IsActive>
                <EntityType>FTU01</EntityType>
                <AD_Ref_List_UU>6d5da957-e3a0-4167-823e-cc0b13cf699f</AD_Ref_List_UU>
                <AD_Ref_List_Trl type="translation">
                    <Description/>
                    <Name>Generar solo movimiento</Name>
                    <AD_Language>es_VE</AD_Language>
                    <IsActive>Y</IsActive>
                    <IsTranslated>N</IsTranslated>
                </AD_Ref_List_Trl>
                <AD_Ref_List_Trl type="translation">
                    <Description/>
                    <Name>Generar solo movimiento</Name>
                    <AD_Language>es_CO</AD_Language>
                    <IsActive>Y</IsActive>
                    <IsTranslated>N</IsTranslated>
                </AD_Ref_List_Trl>
            </AD_Ref_List>
            <AD_Ref_List type="table">
                <AD_Client_ID>0</AD_Client_ID>
                <AD_Org_ID>0</AD_Org_ID>
                <Name>Generate Only Shipment</Name>
                <Description/>
                <AD_Reference_ID reference="uuid" reference-key="AD_Reference">76fe3f02-0dba-4f1b-a03a-4701a40dac6e</AD_Reference_ID>
                <ValidFrom/>
                <ValidTo/>
                <Value>GOS</Value>
                <IsActive>Y</IsActive>
                <EntityType>FTU01</EntityType>
                <AD_Ref_List_UU>3e74fb67-c8ad-416c-b20b-d22992240f73</AD_Ref_List_UU>
                <AD_Ref_List_Trl type="translation">
                    <Description/>
                    <Name>Generar solo entrega</Name>
                    <AD_Language>es_VE</AD_Language>
                    <IsActive>Y</IsActive>
                    <IsTranslated>N</IsTranslated>
                </AD_Ref_List_Trl>
                <AD_Ref_List_Trl type="translation">
                    <Description/>
                    <Name>Generar solo entrega</Name>
                    <AD_Language>es_CO</AD_Language>
                    <IsActive>Y</IsActive>
                    <IsTranslated>N</IsTranslated>
                </AD_Ref_List_Trl>
            </AD_Ref_List>
        </AD_Reference>
        <AD_Element type="table">
            <AD_Client_ID>0</AD_Client_ID>
            <AD_Org_ID>0</AD_Org_ID>
            <IsActive>Y</IsActive>
            <ColumnName>IsGenerateDocument</ColumnName>
            <Name>Generate Document</Name>
            <Description/>
            <Help/>
            <PrintName>Generate Document</PrintName>
            <PO_Description/>
            <PO_Help/>
            <PO_Name/>
            <PO_PrintName/>
            <EntityType>FTU01</EntityType>
            <AD_Element_UU>5c4a1e73-5965-4b79-963d-03028ac70170</AD_Element_UU>
            <Placeholder/>
            <AD_Element_Trl type="translation">
                <Help/>
                <PO_Description/>
                <PO_Help/>
                <Name>Generar documento</Name>
                <Description/>
                <PrintName>Generar documento</PrintName>
                <PO_Name/>
                <PO_PrintName/>
                <Placeholder/>
                <AD_Language>es_CO</AD_Language>
                <IsActive>Y</IsActive>
                <IsTranslated>N</IsTranslated>
            </AD_Element_Trl>
            <AD_Element_Trl type="translation">
                <Help/>
                <PO_Description/>
                <PO_Help/>
                <Name>Generar documento</Name>
                <Description/>
                <PrintName>Generar documento</PrintName>
                <PO_Name/>
                <PO_PrintName/>
                <Placeholder/>
                <AD_Language>es_VE</AD_Language>
                <IsActive>Y</IsActive>
                <IsTranslated>N</IsTranslated>
            </AD_Element_Trl>
        </AD_Element>
        <AD_Process_Para type="table">
            <AD_Client_ID>0</AD_Client_ID>
            <AD_Org_ID>0</AD_Org_ID>
            <IsActive>Y</IsActive>
            <Name>Generate Document</Name>
            <Description/>
            <Help/>
            <AD_Process_ID reference="uuid" reference-key="AD_Process">db084d9d-0bb5-437b-8e58-389266c27322</AD_Process_ID>
            <SeqNo>1</SeqNo>
            <AD_Reference_ID reference="id">17</AD_Reference_ID>
            <AD_Reference_Value_ID reference="uuid" reference-key="AD_Reference">76fe3f02-0dba-4f1b-a03a-4701a40dac6e</AD_Reference_Value_ID>
            <IsRange>N</IsRange>
            <AD_Val_Rule_ID reference="id"/>
            <FieldLength>0</FieldLength>
            <IsMandatory>Y</IsMandatory>
            <DefaultValue/>
            <VFormat/>
            <ValueMin/>
            <ValueMax/>
            <ColumnName>IsGenerateDocument</ColumnName>
            <DefaultValue2/>
            <IsCentrallyMaintained>Y</IsCentrallyMaintained>
            <EntityType>FTU01</EntityType>
            <AD_Element_ID reference="uuid" reference-key="AD_Element">5c4a1e73-5965-4b79-963d-03028ac70170</AD_Element_ID>
            <ReadOnlyLogic/>
            <DisplayLogic/>
            <AD_Process_Para_UU>87a44a32-bf2f-4faf-83ae-cfcac2a31843</AD_Process_Para_UU>
            <IsEncrypted>N</IsEncrypted>
            <MandatoryLogic/>
            <Placeholder/>
            <Placeholder2/>
            <AD_Process_Para_Trl type="translation">
                <Help/>
                <Name>Generar documento</Name>
                <Description/>
                <Placeholder/>
                <Placeholder2/>
                <AD_Language>es_CO</AD_Language>
                <IsActive>Y</IsActive>
                <IsTranslated>N</IsTranslated>
            </AD_Process_Para_Trl>
            <AD_Process_Para_Trl type="translation">
                <Help/>
                <Name>Generar documento</Name>
                <Description/>
                <Placeholder/>
                <Placeholder2/>
                <AD_Language>es_VE</AD_Language>
                <IsActive>Y</IsActive>
                <IsTranslated>N</IsTranslated>
            </AD_Process_Para_Trl>
        </AD_Process_Para>
        <AD_Process_Para type="table">
            <AD_Client_ID>0</AD_Client_ID>
            <AD_Org_ID>0</AD_Org_ID>
            <IsActive>Y</IsActive>
            <Name>Organization</Name>
            <Description>Organizational entity within client</Description>
            <Help>An organization is a unit of your client or legal entity - examples are store, department. You can share data between organizations.</Help>
            <AD_Process_ID reference="uuid" reference-key="AD_Process">db084d9d-0bb5-437b-8e58-389266c27322</AD_Process_ID>
            <SeqNo>5</SeqNo>
            <AD_Reference_ID reference="id">19</AD_Reference_ID>
            <AD_Reference_Value_ID reference="id">130</AD_Reference_Value_ID>
            <IsRange>N</IsRange>
            <AD_Val_Rule_ID reference="id">202</AD_Val_Rule_ID>
            <FieldLength>0</FieldLength>
            <IsMandatory>Y</IsMandatory>
            <DefaultValue>@#AD_Org_ID@</DefaultValue>
            <VFormat/>
            <ValueMin/>
            <ValueMax/>
            <ColumnName>AD_Org_ID</ColumnName>
            <DefaultValue2/>
            <IsCentrallyMaintained>Y</IsCentrallyMaintained>
            <EntityType>FTU01</EntityType>
            <AD_Element_ID reference="id">113</AD_Element_ID>
            <ReadOnlyLogic/>
            <DisplayLogic/>
            <AD_Process_Para_UU>42a2b68a-972e-48e2-a1a9-e8cc8a185daf</AD_Process_Para_UU>
            <IsEncrypted>N</IsEncrypted>
            <MandatoryLogic/>
            <Placeholder/>
            <Placeholder2/>
            <AD_Process_Para_Trl type="translation">
                <Help>Una organización es una unidad del grupo empresarial o entidad legal - Ej. Tiendas y departamentos. Es posible compartir datos entre organizaciones.</Help>
                <Name>Organización</Name>
                <Description>Entidad organizacional dentro del grupo empresarial</Description>
                <Placeholder/>
                <Placeholder2/>
                <AD_Language>es_CO</AD_Language>
                <IsActive>Y</IsActive>
                <IsTranslated>Y</IsTranslated>
            </AD_Process_Para_Trl>
            <AD_Process_Para_Trl type="translation">
                <Help>An organization is a unit of your client or legal entity - examples are store, department. You can share data between organizations.</Help>
                <Name>Organización</Name>
                <Description>Organizational entity within client</Description>
                <Placeholder/>
                <Placeholder2/>
                <AD_Language>es_VE</AD_Language>
                <IsActive>Y</IsActive>
                <IsTranslated>N</IsTranslated>
            </AD_Process_Para_Trl>
        </AD_Process_Para>
        <AD_Process_Para type="table">
            <AD_Client_ID>0</AD_Client_ID>
            <AD_Org_ID>0</AD_Org_ID>
            <IsActive>Y</IsActive>
            <Name>Consolidate to one Document</Name>
            <Description>Consolidate Lines into one Document</Description>
            <Help/>
            <AD_Process_ID reference="uuid" reference-key="AD_Process">db084d9d-0bb5-437b-8e58-389266c27322</AD_Process_ID>
            <SeqNo>2</SeqNo>
            <AD_Reference_ID reference="id">20</AD_Reference_ID>
            <AD_Reference_Value_ID reference="id"/>
            <IsRange>N</IsRange>
            <AD_Val_Rule_ID reference="id"/>
            <FieldLength>1</FieldLength>
            <IsMandatory>Y</IsMandatory>
            <DefaultValue>N</DefaultValue>
            <VFormat/>
            <ValueMin/>
            <ValueMax/>
            <ColumnName>ConsolidateDocument</ColumnName>
            <DefaultValue2/>
            <IsCentrallyMaintained>Y</IsCentrallyMaintained>
            <EntityType>FTU</EntityType>
            <AD_Element_ID reference="id">2182</AD_Element_ID>
            <ReadOnlyLogic/>
            <DisplayLogic/>
            <AD_Process_Para_UU>7c6c838c-6840-4be8-97a2-e75730564297</AD_Process_Para_UU>
            <IsEncrypted>N</IsEncrypted>
            <MandatoryLogic/>
            <Placeholder/>
            <Placeholder2/>
            <AD_Process_Para_Trl type="translation">
                <Help/>
                <Name>Consolidado en un Documento</Name>
                <Description>Líneas consolidadas en un documento</Description>
                <Placeholder/>
                <Placeholder2/>
                <AD_Language>es_CO</AD_Language>
                <IsActive>Y</IsActive>
                <IsTranslated>Y</IsTranslated>
            </AD_Process_Para_Trl>
            <AD_Process_Para_Trl type="translation">
                <Help/>
                <Name>Consolidado en un Documento</Name>
                <Description>Consolidate Lines into one Document</Description>
                <Placeholder/>
                <Placeholder2/>
                <AD_Language>es_VE</AD_Language>
                <IsActive>Y</IsActive>
                <IsTranslated>N</IsTranslated>
            </AD_Process_Para_Trl>
        </AD_Process_Para>
    </AD_Process>
</idempiere>
