<?xml version="1.0" encoding="UTF-8"?><idempiere Name="AD_Role" Version="1.0.0" idempiereVersion="7.1.0.qualifier" DataBaseVersion="2019-11-22" Description="" Author="SuperUser" AuthorEmail="superuser @ idempiere.com" CreatedDate="Fri May 01 21:06:34 VET 2020" UpdatedDate="Fri May 01 21:06:34 VET 2020" PackOutVersion="100" UpdateDictionary="true" Client="1000000-CONSORCIO OLEAGINOSO PORTUGUESA, S.A.-CONSORCIO OLEAGINOSO PORTUGUESA, S.A." AD_Client_UU="b1343cba-641a-460f-ac29-4f09d6cc68ab">
    <AD_Role type="table">
        <AD_Org_ID>0</AD_Org_ID>
        <Name>6000-Jefe de Romana</Name>
        <Description/>
        <UserLevel> CO</UserLevel>
        <IsActive>Y</IsActive>
        <C_Currency_ID reference="uuid" reference-key="C_Currency">faa2b0f4-89b4-41ba-95f7-6db123ea591c</C_Currency_ID>
        <AmtApproval>0</AmtApproval>
        <AD_Tree_Menu_ID reference="id"/>
        <IsManual>Y</IsManual>
        <IsPersonalAccess>N</IsPersonalAccess>
        <IsShowAcct>N</IsShowAcct>
        <IsPersonalLock>N</IsPersonalLock>
        <IsCanReport>Y</IsCanReport>
        <IsCanExport>Y</IsCanExport>
        <Supervisor_ID reference="id"/>
        <IsCanApproveOwnDoc>N</IsCanApproveOwnDoc>
        <IsAccessAllOrgs>N</IsAccessAllOrgs>
        <IsChangeLog>N</IsChangeLog>
        <PreferenceType>O</PreferenceType>
        <OverwritePriceLimit>N</OverwritePriceLimit>
        <AD_Tree_Org_ID reference="id"/>
        <IsUseUserOrgAccess>Y</IsUseUserOrgAccess>
        <ConfirmQueryRecords>0</ConfirmQueryRecords>
        <MaxQueryRecords>0</MaxQueryRecords>
        <Allow_Info_Account>N</Allow_Info_Account>
        <Allow_Info_Asset>Y</Allow_Info_Asset>
        <Allow_Info_BPartner>Y</Allow_Info_BPartner>
        <Allow_Info_InOut>Y</Allow_Info_InOut>
        <Allow_Info_Invoice>Y</Allow_Info_Invoice>
        <Allow_Info_Order>Y</Allow_Info_Order>
        <Allow_Info_Payment>Y</Allow_Info_Payment>
        <Allow_Info_Product>Y</Allow_Info_Product>
        <Allow_Info_Resource>Y</Allow_Info_Resource>
        <Allow_Info_Schedule>Y</Allow_Info_Schedule>
        <UserDiscount/>
        <IsDiscountUptoLimitPrice>N</IsDiscountUptoLimitPrice>
        <IsDiscountAllowedOnTotal>N</IsDiscountAllowedOnTotal>
        <AmtApprovalAccum>0</AmtApprovalAccum>
        <DaysApprovalAccum>0</DaysApprovalAccum>
        <AD_Role_UU>4f5ad520-f7e8-4bbe-b3b1-a35e77829e1e</AD_Role_UU>
        <IsMenuAutoExpand>N</IsMenuAutoExpand>
        <IsMasterRole>N</IsMasterRole>
        <IsAccessAdvanced>Y</IsAccessAdvanced>
        <RoleType/>
        <AD_Window_Access type="table">
            <AD_Org_ID>0</AD_Org_ID>
            <AD_Window_ID reference="uuid" reference-key="AD_Window">e10ed6e2-5ee9-4ed3-bd08-de911bfb4d5d</AD_Window_ID>
            <IsActive>Y</IsActive>
            <IsReadWrite>Y</IsReadWrite>
            <AD_Role_ID reference="uuid" reference-key="AD_Role">4f5ad520-f7e8-4bbe-b3b1-a35e77829e1e</AD_Role_ID>
            <AD_Window_Access_UU>380c4484-4acb-4aa4-ace2-afb2ca9d6393</AD_Window_Access_UU>
        </AD_Window_Access>
        <AD_Window_Access type="table">
            <AD_Org_ID>0</AD_Org_ID>
            <AD_Window_ID reference="id">297</AD_Window_ID>
            <IsActive>Y</IsActive>
            <IsReadWrite>Y</IsReadWrite>
            <AD_Role_ID reference="uuid" reference-key="AD_Role">4f5ad520-f7e8-4bbe-b3b1-a35e77829e1e</AD_Role_ID>
            <AD_Window_Access_UU>36f88847-b154-4034-b1b7-0e53e6c47a29</AD_Window_Access_UU>
        </AD_Window_Access>
        <AD_Process_Access type="table">
            <AD_Org_ID>0</AD_Org_ID>
            <IsActive>Y</IsActive>
            <IsReadWrite>Y</IsReadWrite>
            <AD_Process_ID reference="uuid" reference-key="AD_Process">8198ca62-a12f-427d-a925-895324f3b231</AD_Process_ID>
            <AD_Role_ID reference="uuid" reference-key="AD_Role">4f5ad520-f7e8-4bbe-b3b1-a35e77829e1e</AD_Role_ID>
            <AD_Process_Access_UU>3d2e3388-2719-4b23-ba61-a0b903b8860d</AD_Process_Access_UU>
        </AD_Process_Access>
        <AD_Process_Access type="table">
            <AD_Org_ID>0</AD_Org_ID>
            <IsActive>Y</IsActive>
            <IsReadWrite>Y</IsReadWrite>
            <AD_Process_ID reference="id">279</AD_Process_ID>
            <AD_Role_ID reference="uuid" reference-key="AD_Role">4f5ad520-f7e8-4bbe-b3b1-a35e77829e1e</AD_Role_ID>
            <AD_Process_Access_UU>36c9d8fa-3151-46e9-b272-590a148edc5c</AD_Process_Access_UU>
        </AD_Process_Access>
        <AD_Form_Access type="table">
            <AD_Org_ID>0</AD_Org_ID>
            <AD_Form_ID reference="id">117</AD_Form_ID>
            <AD_Role_ID reference="uuid" reference-key="AD_Role">4f5ad520-f7e8-4bbe-b3b1-a35e77829e1e</AD_Role_ID>
            <IsActive>Y</IsActive>
            <IsReadWrite>Y</IsReadWrite>
            <AD_Form_Access_UU>e54aa6c7-7cd6-48f7-a285-09b002bbd86c</AD_Form_Access_UU>
        </AD_Form_Access>
        <AD_Workflow_Access type="table">
            <AD_Org_ID>0</AD_Org_ID>
            <AD_Workflow_ID reference="uuid" reference-key="AD_Workflow">3f296ac5-b3ff-4eb9-a06b-235b099ce043</AD_Workflow_ID>
            <IsActive>Y</IsActive>
            <IsReadWrite>Y</IsReadWrite>
            <AD_Role_ID reference="uuid" reference-key="AD_Role">4f5ad520-f7e8-4bbe-b3b1-a35e77829e1e</AD_Role_ID>
            <AD_Workflow_Access_UU>4bfd6f81-56b3-4490-a3ef-5c690350c98e</AD_Workflow_Access_UU>
        </AD_Workflow_Access>
    </AD_Role>
</idempiere>
